o Capsule
v 0.000000 2.000000 0.000000
v 0.000000 2.000000 0.000000
v 0.000000 2.000000 0.000000
v 0.000000 2.000000 0.000000
v 0.000000 2.000000 0.000000
v 0.000000 2.000000 0.000000
v 0.000000 2.000000 0.000000
v 0.000000 2.000000 0.000000
v 0.000000 2.000000 0.000000
v -0.000000 2.000000 0.000000
v -0.000000 2.000000 0.000000
v -0.000000 2.000000 0.000000
v -0.000000 2.000000 0.000000
v -0.000000 2.000000 0.000000
v -0.000000 2.000000 0.000000
v -0.000000 2.000000 0.000000
v -0.000000 2.000000 0.000000
v -0.000000 2.000000 -0.000000
v -0.000000 2.000000 -0.000000
v -0.000000 2.000000 -0.000000
v -0.000000 2.000000 -0.000000
v -0.000000 2.000000 -0.000000
v -0.000000 2.000000 -0.000000
v -0.000000 2.000000 -0.000000
v -0.000000 2.000000 -0.000000
v 0.000000 2.000000 -0.000000
v 0.000000 2.000000 -0.000000
v 0.000000 2.000000 -0.000000
v 0.000000 2.000000 -0.000000
v 0.000000 2.000000 -0.000000
v 0.000000 2.000000 -0.000000
v 0.000000 2.000000 -0.000000
v 0.098017 1.995185 0.000000
v 0.096134 1.995185 0.019122
v 0.090556 1.995185 0.037510
v 0.081498 1.995185 0.054455
v 0.069309 1.995185 0.069309
v 0.054455 1.995185 0.081498
v 0.037510 1.995185 0.090556
v 0.019122 1.995185 0.096134
v 0.000000 1.995185 0.098017
v -0.019122 1.995185 0.096134
v -0.037510 1.995185 0.090556
v -0.054455 1.995185 0.081498
v -0.069309 1.995185 0.069309
v -0.081498 1.995185 0.054455
v -0.090556 1.995185 0.037510
v -0.096134 1.995185 0.019122
v -0.098017 1.995185 0.000000
v -0.096134 1.995185 -0.019122
v -0.090556 1.995185 -0.037510
v -0.081498 1.995185 -0.054455
v -0.069309 1.995185 -0.069309
v -0.054455 1.995185 -0.081498
v -0.037510 1.995185 -0.090556
v -0.019122 1.995185 -0.096134
v -0.000000 1.995185 -0.098017
v 0.019122 1.995185 -0.096134
v 0.037510 1.995185 -0.090556
v 0.054455 1.995185 -0.081498
v 0.069309 1.995185 -0.069309
v 0.081498 1.995185 -0.054455
v 0.090556 1.995185 -0.037510
v 0.096134 1.995185 -0.019122
v 0.195090 1.980785 0.000000
v 0.191342 1.980785 0.038060
v 0.180240 1.980785 0.074658
v 0.162212 1.980785 0.108386
v 0.137950 1.980785 0.137950
v 0.108386 1.980785 0.162212
v 0.074658 1.980785 0.180240
v 0.038060 1.980785 0.191342
v 0.000000 1.980785 0.195090
v -0.038060 1.980785 0.191342
v -0.074658 1.980785 0.180240
v -0.108386 1.980785 0.162212
v -0.137950 1.980785 0.137950
v -0.162212 1.980785 0.108386
v -0.180240 1.980785 0.074658
v -0.191342 1.980785 0.038060
v -0.195090 1.980785 0.000000
v -0.191342 1.980785 -0.038060
v -0.180240 1.980785 -0.074658
v -0.162212 1.980785 -0.108386
v -0.137950 1.980785 -0.137950
v -0.108386 1.980785 -0.162212
v -0.074658 1.980785 -0.180240
v -0.038060 1.980785 -0.191342
v -0.000000 1.980785 -0.195090
v 0.038060 1.980785 -0.191342
v 0.074658 1.980785 -0.180240
v 0.108386 1.980785 -0.162212
v 0.137950 1.980785 -0.137950
v 0.162212 1.980785 -0.108386
v 0.180240 1.980785 -0.074658
v 0.191342 1.980785 -0.038060
v 0.290285 1.956940 0.000000
v 0.284707 1.956940 0.056632
v 0.268188 1.956940 0.111087
v 0.241363 1.956940 0.161274
v 0.205262 1.956940 0.205262
v 0.161274 1.956940 0.241363
v 0.111087 1.956940 0.268188
v 0.056632 1.956940 0.284707
v 0.000000 1.956940 0.290285
v -0.056632 1.956940 0.284707
v -0.111087 1.956940 0.268188
v -0.161274 1.956940 0.241363
v -0.205262 1.956940 0.205262
v -0.241363 1.956940 0.161274
v -0.268188 1.956940 0.111087
v -0.284707 1.956940 0.056632
v -0.290285 1.956940 0.000000
v -0.284707 1.956940 -0.056632
v -0.268188 1.956940 -0.111087
v -0.241363 1.956940 -0.161274
v -0.205262 1.956940 -0.205262
v -0.161274 1.956940 -0.241363
v -0.111087 1.956940 -0.268188
v -0.056632 1.956940 -0.284707
v -0.000000 1.956940 -0.290285
v 0.056632 1.956940 -0.284707
v 0.111087 1.956940 -0.268188
v 0.161274 1.956940 -0.241363
v 0.205262 1.956940 -0.205262
v 0.241363 1.956940 -0.161274
v 0.268188 1.956940 -0.111087
v 0.284707 1.956940 -0.056632
v 0.382683 1.923880 0.000000
v 0.375330 1.923880 0.074658
v 0.353553 1.923880 0.146447
v 0.318190 1.923880 0.212608
v 0.270598 1.923880 0.270598
v 0.212608 1.923880 0.318190
v 0.146447 1.923880 0.353553
v 0.074658 1.923880 0.375330
v 0.000000 1.923880 0.382683
v -0.074658 1.923880 0.375330
v -0.146447 1.923880 0.353553
v -0.212608 1.923880 0.318190
v -0.270598 1.923880 0.270598
v -0.318190 1.923880 0.212608
v -0.353553 1.923880 0.146447
v -0.375330 1.923880 0.074658
v -0.382683 1.923880 0.000000
v -0.375330 1.923880 -0.074658
v -0.353553 1.923880 -0.146447
v -0.318190 1.923880 -0.212608
v -0.270598 1.923880 -0.270598
v -0.212608 1.923880 -0.318190
v -0.146447 1.923880 -0.353553
v -0.074658 1.923880 -0.375330
v -0.000000 1.923880 -0.382683
v 0.074658 1.923880 -0.375330
v 0.146447 1.923880 -0.353553
v 0.212608 1.923880 -0.318190
v 0.270598 1.923880 -0.270598
v 0.318190 1.923880 -0.212608
v 0.353553 1.923880 -0.146447
v 0.375330 1.923880 -0.074658
v 0.471397 1.881921 0.000000
v 0.462339 1.881921 0.091965
v 0.435514 1.881921 0.180396
v 0.391952 1.881921 0.261894
v 0.333328 1.881921 0.333328
v 0.261894 1.881921 0.391952
v 0.180396 1.881921 0.435514
v 0.091965 1.881921 0.462339
v 0.000000 1.881921 0.471397
v -0.091965 1.881921 0.462339
v -0.180396 1.881921 0.435514
v -0.261894 1.881921 0.391952
v -0.333328 1.881921 0.333328
v -0.391952 1.881921 0.261894
v -0.435514 1.881921 0.180396
v -0.462339 1.881921 0.091965
v -0.471397 1.881921 0.000000
v -0.462339 1.881921 -0.091965
v -0.435514 1.881921 -0.180396
v -0.391952 1.881921 -0.261894
v -0.333328 1.881921 -0.333328
v -0.261894 1.881921 -0.391952
v -0.180396 1.881921 -0.435514
v -0.091965 1.881921 -0.462339
v -0.000000 1.881921 -0.471397
v 0.091965 1.881921 -0.462339
v 0.180396 1.881921 -0.435514
v 0.261894 1.881921 -0.391952
v 0.333328 1.881921 -0.333328
v 0.391952 1.881921 -0.261894
v 0.435514 1.881921 -0.180396
v 0.462339 1.881921 -0.091965
v 0.555570 1.831470 0.000000
v 0.544895 1.831470 0.108386
v 0.513280 1.831470 0.212608
v 0.461940 1.831470 0.308658
v 0.392847 1.831470 0.392847
v 0.308658 1.831470 0.461940
v 0.212608 1.831470 0.513280
v 0.108386 1.831470 0.544895
v 0.000000 1.831470 0.555570
v -0.108386 1.831470 0.544895
v -0.212608 1.831470 0.513280
v -0.308658 1.831470 0.461940
v -0.392847 1.831470 0.392847
v -0.461940 1.831470 0.308658
v -0.513280 1.831470 0.212608
v -0.544895 1.831470 0.108386
v -0.555570 1.831470 0.000000
v -0.544895 1.831470 -0.108386
v -0.513280 1.831470 -0.212608
v -0.461940 1.831470 -0.308658
v -0.392847 1.831470 -0.392847
v -0.308658 1.831470 -0.461940
v -0.212608 1.831470 -0.513280
v -0.108386 1.831470 -0.544895
v -0.000000 1.831470 -0.555570
v 0.108386 1.831470 -0.544895
v 0.212608 1.831470 -0.513280
v 0.308658 1.831470 -0.461940
v 0.392847 1.831470 -0.392847
v 0.461940 1.831470 -0.308658
v 0.513280 1.831470 -0.212608
v 0.544895 1.831470 -0.108386
v 0.634393 1.773010 0.000000
v 0.622204 1.773010 0.123764
v 0.586103 1.773010 0.242772
v 0.527479 1.773010 0.352450
v 0.448584 1.773010 0.448584
v 0.352450 1.773010 0.527479
v 0.242772 1.773010 0.586103
v 0.123764 1.773010 0.622204
v 0.000000 1.773010 0.634393
v -0.123764 1.773010 0.622204
v -0.242772 1.773010 0.586103
v -0.352450 1.773010 0.527479
v -0.448584 1.773010 0.448584
v -0.527479 1.773010 0.352450
v -0.586103 1.773010 0.242772
v -0.622204 1.773010 0.123764
v -0.634393 1.773010 0.000000
v -0.622204 1.773010 -0.123764
v -0.586103 1.773010 -0.242772
v -0.527479 1.773010 -0.352450
v -0.448584 1.773010 -0.448584
v -0.352450 1.773010 -0.527479
v -0.242772 1.773010 -0.586103
v -0.123764 1.773010 -0.622204
v -0.000000 1.773010 -0.634393
v 0.123764 1.773010 -0.622204
v 0.242772 1.773010 -0.586103
v 0.352450 1.773010 -0.527479
v 0.448584 1.773010 -0.448584
v 0.527479 1.773010 -0.352450
v 0.586103 1.773010 -0.242772
v 0.622204 1.773010 -0.123764
v 0.707107 1.707107 0.000000
v 0.693520 1.707107 0.137950
v 0.653281 1.707107 0.270598
v 0.587938 1.707107 0.392847
v 0.500000 1.707107 0.500000
v 0.392847 1.707107 0.587938
v 0.270598 1.707107 0.653281
v 0.137950 1.707107 0.693520
v 0.000000 1.707107 0.707107
v -0.137950 1.707107 0.693520
v -0.270598 1.707107 0.653281
v -0.392847 1.707107 0.587938
v -0.500000 1.707107 0.500000
v -0.587938 1.707107 0.392847
v -0.653281 1.707107 0.270598
v -0.693520 1.707107 0.137950
v -0.707107 1.707107 0.000000
v -0.693520 1.707107 -0.137950
v -0.653281 1.707107 -0.270598
v -0.587938 1.707107 -0.392847
v -0.500000 1.707107 -0.500000
v -0.392847 1.707107 -0.587938
v -0.270598 1.707107 -0.653281
v -0.137950 1.707107 -0.693520
v -0.000000 1.707107 -0.707107
v 0.137950 1.707107 -0.693520
v 0.270598 1.707107 -0.653281
v 0.392847 1.707107 -0.587938
v 0.500000 1.707107 -0.500000
v 0.587938 1.707107 -0.392847
v 0.653281 1.707107 -0.270598
v 0.693520 1.707107 -0.137950
v 0.773010 1.634393 0.000000
v 0.758157 1.634393 0.150807
v 0.714169 1.634393 0.295818
v 0.642735 1.634393 0.429462
v 0.546601 1.634393 0.546601
v 0.429462 1.634393 0.642735
v 0.295818 1.634393 0.714169
v 0.150807 1.634393 0.758157
v 0.000000 1.634393 0.773010
v -0.150807 1.634393 0.758157
v -0.295818 1.634393 0.714169
v -0.429462 1.634393 0.642735
v -0.546601 1.634393 0.546601
v -0.642735 1.634393 0.429462
v -0.714169 1.634393 0.295818
v -0.758157 1.634393 0.150807
v -0.773010 1.634393 0.000000
v -0.758157 1.634393 -0.150807
v -0.714169 1.634393 -0.295818
v -0.642735 1.634393 -0.429462
v -0.546601 1.634393 -0.546601
v -0.429462 1.634393 -0.642735
v -0.295818 1.634393 -0.714169
v -0.150807 1.634393 -0.758157
v -0.000000 1.634393 -0.773010
v 0.150807 1.634393 -0.758157
v 0.295818 1.634393 -0.714169
v 0.429462 1.634393 -0.642735
v 0.546601 1.634393 -0.546601
v 0.642735 1.634393 -0.429462
v 0.714169 1.634393 -0.295818
v 0.758157 1.634393 -0.150807
v 0.831470 1.555570 0.000000
v 0.815493 1.555570 0.162212
v 0.768178 1.555570 0.318190
v 0.691342 1.555570 0.461940
v 0.587938 1.555570 0.587938
v 0.461940 1.555570 0.691342
v 0.318190 1.555570 0.768178
v 0.162212 1.555570 0.815493
v 0.000000 1.555570 0.831470
v -0.162212 1.555570 0.815493
v -0.318190 1.555570 0.768178
v -0.461940 1.555570 0.691342
v -0.587938 1.555570 0.587938
v -0.691342 1.555570 0.461940
v -0.768178 1.555570 0.318190
v -0.815493 1.555570 0.162212
v -0.831470 1.555570 0.000000
v -0.815493 1.555570 -0.162212
v -0.768178 1.555570 -0.318190
v -0.691342 1.555570 -0.461940
v -0.587938 1.555570 -0.587938
v -0.461940 1.555570 -0.691342
v -0.318190 1.555570 -0.768178
v -0.162212 1.555570 -0.815493
v -0.000000 1.555570 -0.831470
v 0.162212 1.555570 -0.815493
v 0.318190 1.555570 -0.768178
v 0.461940 1.555570 -0.691342
v 0.587938 1.555570 -0.587938
v 0.691342 1.555570 -0.461940
v 0.768178 1.555570 -0.318190
v 0.815493 1.555570 -0.162212
v 0.881921 1.471397 0.000000
v 0.864975 1.471397 0.172054
v 0.814789 1.471397 0.337497
v 0.733291 1.471397 0.489969
v 0.623613 1.471397 0.623613
v 0.489969 1.471397 0.733291
v 0.337497 1.471397 0.814789
v 0.172054 1.471397 0.864975
v 0.000000 1.471397 0.881921
v -0.172054 1.471397 0.864975
v -0.337497 1.471397 0.814789
v -0.489969 1.471397 0.733291
v -0.623613 1.471397 0.623613
v -0.733291 1.471397 0.489969
v -0.814789 1.471397 0.337497
v -0.864975 1.471397 0.172054
v -0.881921 1.471397 0.000000
v -0.864975 1.471397 -0.172054
v -0.814789 1.471397 -0.337497
v -0.733291 1.471397 -0.489969
v -0.623613 1.471397 -0.623613
v -0.489969 1.471397 -0.733291
v -0.337497 1.471397 -0.814789
v -0.172054 1.471397 -0.864975
v -0.000000 1.471397 -0.881921
v 0.172054 1.471397 -0.864975
v 0.337497 1.471397 -0.814789
v 0.489969 1.471397 -0.733291
v 0.623613 1.471397 -0.623613
v 0.733291 1.471397 -0.489969
v 0.814789 1.471397 -0.337497
v 0.864975 1.471397 -0.172054
v 0.923880 1.382683 0.000000
v 0.906127 1.382683 0.180240
v 0.853553 1.382683 0.353553
v 0.768178 1.382683 0.513280
v 0.653281 1.382683 0.653281
v 0.513280 1.382683 0.768178
v 0.353553 1.382683 0.853553
v 0.180240 1.382683 0.906127
v 0.000000 1.382683 0.923880
v -0.180240 1.382683 0.906127
v -0.353553 1.382683 0.853553
v -0.513280 1.382683 0.768178
v -0.653281 1.382683 0.653281
v -0.768178 1.382683 0.513280
v -0.853553 1.382683 0.353553
v -0.906127 1.382683 0.180240
v -0.923880 1.382683 0.000000
v -0.906127 1.382683 -0.180240
v -0.853553 1.382683 -0.353553
v -0.768178 1.382683 -0.513280
v -0.653281 1.382683 -0.653281
v -0.513280 1.382683 -0.768178
v -0.353553 1.382683 -0.853553
v -0.180240 1.382683 -0.906127
v -0.000000 1.382683 -0.923880
v 0.180240 1.382683 -0.906127
v 0.353553 1.382683 -0.853553
v 0.513280 1.382683 -0.768178
v 0.653281 1.382683 -0.653281
v 0.768178 1.382683 -0.513280
v 0.853553 1.382683 -0.353553
v 0.906127 1.382683 -0.180240
v 0.956940 1.290285 0.000000
v 0.938553 1.290285 0.186690
v 0.884098 1.290285 0.366205
v 0.795667 1.290285 0.531648
v 0.676659 1.290285 0.676659
v 0.531648 1.290285 0.795667
v 0.366205 1.290285 0.884098
v 0.186690 1.290285 0.938553
v 0.000000 1.290285 0.956940
v -0.186690 1.290285 0.938553
v -0.366205 1.290285 0.884098
v -0.531648 1.290285 0.795667
v -0.676659 1.290285 0.676659
v -0.795667 1.290285 0.531648
v -0.884098 1.290285 0.366205
v -0.938553 1.290285 0.186690
v -0.956940 1.290285 0.000000
v -0.938553 1.290285 -0.186690
v -0.884098 1.290285 -0.366205
v -0.795667 1.290285 -0.531648
v -0.676659 1.290285 -0.676659
v -0.531648 1.290285 -0.795667
v -0.366205 1.290285 -0.884098
v -0.186690 1.290285 -0.938553
v -0.000000 1.290285 -0.956940
v 0.186690 1.290285 -0.938553
v 0.366205 1.290285 -0.884098
v 0.531648 1.290285 -0.795667
v 0.676659 1.290285 -0.676659
v 0.795667 1.290285 -0.531648
v 0.884098 1.290285 -0.366205
v 0.938553 1.290285 -0.186690
v 0.980785 1.195090 0.000000
v 0.961940 1.195090 0.191342
v 0.906127 1.195090 0.375330
v 0.815493 1.195090 0.544895
v 0.693520 1.195090 0.693520
v 0.544895 1.195090 0.815493
v 0.375330 1.195090 0.906127
v 0.191342 1.195090 0.961940
v 0.000000 1.195090 0.980785
v -0.191342 1.195090 0.961940
v -0.375330 1.195090 0.906127
v -0.544895 1.195090 0.815493
v -0.693520 1.195090 0.693520
v -0.815493 1.195090 0.544895
v -0.906127 1.195090 0.375330
v -0.961940 1.195090 0.191342
v -0.980785 1.195090 0.000000
v -0.961940 1.195090 -0.191342
v -0.906127 1.195090 -0.375330
v -0.815493 1.195090 -0.544895
v -0.693520 1.195090 -0.693520
v -0.544895 1.195090 -0.815493
v -0.375330 1.195090 -0.906127
v -0.191342 1.195090 -0.961940
v -0.000000 1.195090 -0.980785
v 0.191342 1.195090 -0.961940
v 0.375330 1.195090 -0.906127
v 0.544895 1.195090 -0.815493
v 0.693520 1.195090 -0.693520
v 0.815493 1.195090 -0.544895
v 0.906127 1.195090 -0.375330
v 0.961940 1.195090 -0.191342
v 0.995185 1.098017 0.000000
v 0.976063 1.098017 0.194151
v 0.919431 1.098017 0.380841
v 0.827466 1.098017 0.552895
v 0.703702 1.098017 0.703702
v 0.552895 1.098017 0.827466
v 0.380841 1.098017 0.919431
v 0.194151 1.098017 0.976063
v 0.000000 1.098017 0.995185
v -0.194151 1.098017 0.976063
v -0.380841 1.098017 0.919431
v -0.552895 1.098017 0.827466
v -0.703702 1.098017 0.703702
v -0.827466 1.098017 0.552895
v -0.919431 1.098017 0.380841
v -0.976063 1.098017 0.194151
v -0.995185 1.098017 0.000000
v -0.976063 1.098017 -0.194151
v -0.919431 1.098017 -0.380841
v -0.827466 1.098017 -0.552895
v -0.703702 1.098017 -0.703702
v -0.552895 1.098017 -0.827466
v -0.380841 1.098017 -0.919431
v -0.194151 1.098017 -0.976063
v -0.000000 1.098017 -0.995185
v 0.194151 1.098017 -0.976063
v 0.380841 1.098017 -0.919431
v 0.552895 1.098017 -0.827466
v 0.703702 1.098017 -0.703702
v 0.827466 1.098017 -0.552895
v 0.919431 1.098017 -0.380841
v 0.976063 1.098017 -0.194151
v 1.000000 -1.000000 0.000000
v 0.980785 -1.000000 0.195090
v 0.923880 -1.000000 0.382683
v 0.831470 -1.000000 0.555570
v 0.707107 -1.000000 0.707107
v 0.555570 -1.000000 0.831470
v 0.382683 -1.000000 0.923880
v 0.195090 -1.000000 0.980785
v 0.000000 -1.000000 1.000000
v -0.195090 -1.000000 0.980785
v -0.382683 -1.000000 0.923880
v -0.555570 -1.000000 0.831470
v -0.707107 -1.000000 0.707107
v -0.831470 -1.000000 0.555570
v -0.923880 -1.000000 0.382683
v -0.980785 -1.000000 0.195090
v -1.000000 -1.000000 0.000000
v -0.980785 -1.000000 -0.195090
v -0.923880 -1.000000 -0.382683
v -0.831470 -1.000000 -0.555570
v -0.707107 -1.000000 -0.707107
v -0.555570 -1.000000 -0.831470
v -0.382683 -1.000000 -0.923880
v -0.195090 -1.000000 -0.980785
v -0.000000 -1.000000 -1.000000
v 0.195090 -1.000000 -0.980785
v 0.382683 -1.000000 -0.923880
v 0.555570 -1.000000 -0.831470
v 0.707107 -1.000000 -0.707107
v 0.831470 -1.000000 -0.555570
v 0.923880 -1.000000 -0.382683
v 0.980785 -1.000000 -0.195090
v 0.995185 -1.098017 0.000000
v 0.976063 -1.098017 0.194151
v 0.919431 -1.098017 0.380841
v 0.827466 -1.098017 0.552895
v 0.703702 -1.098017 0.703702
v 0.552895 -1.098017 0.827466
v 0.380841 -1.098017 0.919431
v 0.194151 -1.098017 0.976063
v 0.000000 -1.098017 0.995185
v -0.194151 -1.098017 0.976063
v -0.380841 -1.098017 0.919431
v -0.552895 -1.098017 0.827466
v -0.703702 -1.098017 0.703702
v -0.827466 -1.098017 0.552895
v -0.919431 -1.098017 0.380841
v -0.976063 -1.098017 0.194151
v -0.995185 -1.098017 0.000000
v -0.976063 -1.098017 -0.194151
v -0.919431 -1.098017 -0.380841
v -0.827466 -1.098017 -0.552895
v -0.703702 -1.098017 -0.703702
v -0.552895 -1.098017 -0.827466
v -0.380841 -1.098017 -0.919431
v -0.194151 -1.098017 -0.976063
v -0.000000 -1.098017 -0.995185
v 0.194151 -1.098017 -0.976063
v 0.380841 -1.098017 -0.919431
v 0.552895 -1.098017 -0.827466
v 0.703702 -1.098017 -0.703702
v 0.827466 -1.098017 -0.552895
v 0.919431 -1.098017 -0.380841
v 0.976063 -1.098017 -0.194151
v 0.980785 -1.195090 0.000000
v 0.961940 -1.195090 0.191342
v 0.906127 -1.195090 0.375330
v 0.815493 -1.195090 0.544895
v 0.693520 -1.195090 0.693520
v 0.544895 -1.195090 0.815493
v 0.375330 -1.195090 0.906127
v 0.191342 -1.195090 0.961940
v 0.000000 -1.195090 0.980785
v -0.191342 -1.195090 0.961940
v -0.375330 -1.195090 0.906127
v -0.544895 -1.195090 0.815493
v -0.693520 -1.195090 0.693520
v -0.815493 -1.195090 0.544895
v -0.906127 -1.195090 0.375330
v -0.961940 -1.195090 0.191342
v -0.980785 -1.195090 0.000000
v -0.961940 -1.195090 -0.191342
v -0.906127 -1.195090 -0.375330
v -0.815493 -1.195090 -0.544895
v -0.693520 -1.195090 -0.693520
v -0.544895 -1.195090 -0.815493
v -0.375330 -1.195090 -0.906127
v -0.191342 -1.195090 -0.961940
v -0.000000 -1.195090 -0.980785
v 0.191342 -1.195090 -0.961940
v 0.375330 -1.195090 -0.906127
v 0.544895 -1.195090 -0.815493
v 0.693520 -1.195090 -0.693520
v 0.815493 -1.195090 -0.544895
v 0.906127 -1.195090 -0.375330
v 0.961940 -1.195090 -0.191342
v 0.956940 -1.290285 0.000000
v 0.938553 -1.290285 0.186690
v 0.884098 -1.290285 0.366205
v 0.795667 -1.290285 0.531648
v 0.676659 -1.290285 0.676659
v 0.531648 -1.290285 0.795667
v 0.366205 -1.290285 0.884098
v 0.186690 -1.290285 0.938553
v 0.000000 -1.290285 0.956940
v -0.186690 -1.290285 0.938553
v -0.366205 -1.290285 0.884098
v -0.531648 -1.290285 0.795667
v -0.676659 -1.290285 0.676659
v -0.795667 -1.290285 0.531648
v -0.884098 -1.290285 0.366205
v -0.938553 -1.290285 0.186690
v -0.956940 -1.290285 0.000000
v -0.938553 -1.290285 -0.186690
v -0.884098 -1.290285 -0.366205
v -0.795667 -1.290285 -0.531648
v -0.676659 -1.290285 -0.676659
v -0.531648 -1.290285 -0.795667
v -0.366205 -1.290285 -0.884098
v -0.186690 -1.290285 -0.938553
v -0.000000 -1.290285 -0.956940
v 0.186690 -1.290285 -0.938553
v 0.366205 -1.290285 -0.884098
v 0.531648 -1.290285 -0.795667
v 0.676659 -1.290285 -0.676659
v 0.795667 -1.290285 -0.531648
v 0.884098 -1.290285 -0.366205
v 0.938553 -1.290285 -0.186690
v 0.923880 -1.382683 0.000000
v 0.906127 -1.382683 0.180240
v 0.853553 -1.382683 0.353553
v 0.768178 -1.382683 0.513280
v 0.653281 -1.382683 0.653281
v 0.513280 -1.382683 0.768178
v 0.353553 -1.382683 0.853553
v 0.180240 -1.382683 0.906127
v 0.000000 -1.382683 0.923880
v -0.180240 -1.382683 0.906127
v -0.353553 -1.382683 0.853553
v -0.513280 -1.382683 0.768178
v -0.653281 -1.382683 0.653281
v -0.768178 -1.382683 0.513280
v -0.853553 -1.382683 0.353553
v -0.906127 -1.382683 0.180240
v -0.923880 -1.382683 0.000000
v -0.906127 -1.382683 -0.180240
v -0.853553 -1.382683 -0.353553
v -0.768178 -1.382683 -0.513280
v -0.653281 -1.382683 -0.653281
v -0.513280 -1.382683 -0.768178
v -0.353553 -1.382683 -0.853553
v -0.180240 -1.382683 -0.906127
v -0.000000 -1.382683 -0.923880
v 0.180240 -1.382683 -0.906127
v 0.353553 -1.382683 -0.853553
v 0.513280 -1.382683 -0.768178
v 0.653281 -1.382683 -0.653281
v 0.768178 -1.382683 -0.513280
v 0.853553 -1.382683 -0.353553
v 0.906127 -1.382683 -0.180240
v 0.881921 -1.471397 0.000000
v 0.864975 -1.471397 0.172054
v 0.814789 -1.471397 0.337497
v 0.733291 -1.471397 0.489969
v 0.623613 -1.471397 0.623613
v 0.489969 -1.471397 0.733291
v 0.337497 -1.471397 0.814789
v 0.172054 -1.471397 0.864975
v 0.000000 -1.471397 0.881921
v -0.172054 -1.471397 0.864975
v -0.337497 -1.471397 0.814789
v -0.489969 -1.471397 0.733291
v -0.623613 -1.471397 0.623613
v -0.733291 -1.471397 0.489969
v -0.814789 -1.471397 0.337497
v -0.864975 -1.471397 0.172054
v -0.881921 -1.471397 0.000000
v -0.864975 -1.471397 -0.172054
v -0.814789 -1.471397 -0.337497
v -0.733291 -1.471397 -0.489969
v -0.623613 -1.471397 -0.623613
v -0.489969 -1.471397 -0.733291
v -0.337497 -1.471397 -0.814789
v -0.172054 -1.471397 -0.864975
v -0.000000 -1.471397 -0.881921
v 0.172054 -1.471397 -0.864975
v 0.337497 -1.471397 -0.814789
v 0.489969 -1.471397 -0.733291
v 0.623613 -1.471397 -0.623613
v 0.733291 -1.471397 -0.489969
v 0.814789 -1.471397 -0.337497
v 0.864975 -1.471397 -0.172054
v 0.831470 -1.555570 0.000000
v 0.815493 -1.555570 0.162212
v 0.768178 -1.555570 0.318190
v 0.691342 -1.555570 0.461940
v 0.587938 -1.555570 0.587938
v 0.461940 -1.555570 0.691342
v 0.318190 -1.555570 0.768178
v 0.162212 -1.555570 0.815493
v 0.000000 -1.555570 0.831470
v -0.162212 -1.555570 0.815493
v -0.318190 -1.555570 0.768178
v -0.461940 -1.555570 0.691342
v -0.587938 -1.555570 0.587938
v -0.691342 -1.555570 0.461940
v -0.768178 -1.555570 0.318190
v -0.815493 -1.555570 0.162212
v -0.831470 -1.555570 0.000000
v -0.815493 -1.555570 -0.162212
v -0.768178 -1.555570 -0.318190
v -0.691342 -1.555570 -0.461940
v -0.587938 -1.555570 -0.587938
v -0.461940 -1.555570 -0.691342
v -0.318190 -1.555570 -0.768178
v -0.162212 -1.555570 -0.815493
v -0.000000 -1.555570 -0.831470
v 0.162212 -1.555570 -0.815493
v 0.318190 -1.555570 -0.768178
v 0.461940 -1.555570 -0.691342
v 0.587938 -1.555570 -0.587938
v 0.691342 -1.555570 -0.461940
v 0.768178 -1.555570 -0.318190
v 0.815493 -1.555570 -0.162212
v 0.773010 -1.634393 0.000000
v 0.758157 -1.634393 0.150807
v 0.714169 -1.634393 0.295818
v 0.642735 -1.634393 0.429462
v 0.546601 -1.634393 0.546601
v 0.429462 -1.634393 0.642735
v 0.295818 -1.634393 0.714169
v 0.150807 -1.634393 0.758157
v 0.000000 -1.634393 0.773010
v -0.150807 -1.634393 0.758157
v -0.295818 -1.634393 0.714169
v -0.429462 -1.634393 0.642735
v -0.546601 -1.634393 0.546601
v -0.642735 -1.634393 0.429462
v -0.714169 -1.634393 0.295818
v -0.758157 -1.634393 0.150807
v -0.773010 -1.634393 0.000000
v -0.758157 -1.634393 -0.150807
v -0.714169 -1.634393 -0.295818
v -0.642735 -1.634393 -0.429462
v -0.546601 -1.634393 -0.546601
v -0.429462 -1.634393 -0.642735
v -0.295818 -1.634393 -0.714169
v -0.150807 -1.634393 -0.758157
v -0.000000 -1.634393 -0.773010
v 0.150807 -1.634393 -0.758157
v 0.295818 -1.634393 -0.714169
v 0.429462 -1.634393 -0.642735
v 0.546601 -1.634393 -0.546601
v 0.642735 -1.634393 -0.429462
v 0.714169 -1.634393 -0.295818
v 0.758157 -1.634393 -0.150807
v 0.707107 -1.707107 0.000000
v 0.693520 -1.707107 0.137950
v 0.653281 -1.707107 0.270598
v 0.587938 -1.707107 0.392847
v 0.500000 -1.707107 0.500000
v 0.392847 -1.707107 0.587938
v 0.270598 -1.707107 0.653281
v 0.137950 -1.707107 0.693520
v 0.000000 -1.707107 0.707107
v -0.137950 -1.707107 0.693520
v -0.270598 -1.707107 0.653281
v -0.392847 -1.707107 0.587938
v -0.500000 -1.707107 0.500000
v -0.587938 -1.707107 0.392847
v -0.653281 -1.707107 0.270598
v -0.693520 -1.707107 0.137950
v -0.707107 -1.707107 0.000000
v -0.693520 -1.707107 -0.137950
v -0.653281 -1.707107 -0.270598
v -0.587938 -1.707107 -0.392847
v -0.500000 -1.707107 -0.500000
v -0.392847 -1.707107 -0.587938
v -0.270598 -1.707107 -0.653281
v -0.137950 -1.707107 -0.693520
v -0.000000 -1.707107 -0.707107
v 0.137950 -1.707107 -0.693520
v 0.270598 -1.707107 -0.653281
v 0.392847 -1.707107 -0.587938
v 0.500000 -1.707107 -0.500000
v 0.587938 -1.707107 -0.392847
v 0.653281 -1.707107 -0.270598
v 0.693520 -1.707107 -0.137950
v 0.634393 -1.773010 0.000000
v 0.622204 -1.773010 0.123764
v 0.586103 -1.773010 0.242772
v 0.527479 -1.773010 0.352450
v 0.448584 -1.773010 0.448584
v 0.352450 -1.773010 0.527479
v 0.242772 -1.773010 0.586103
v 0.123764 -1.773010 0.622204
v 0.000000 -1.773010 0.634393
v -0.123764 -1.773010 0.622204
v -0.242772 -1.773010 0.586103
v -0.352450 -1.773010 0.527479
v -0.448584 -1.773010 0.448584
v -0.527479 -1.773010 0.352450
v -0.586103 -1.773010 0.242772
v -0.622204 -1.773010 0.123764
v -0.634393 -1.773010 0.000000
v -0.622204 -1.773010 -0.123764
v -0.586103 -1.773010 -0.242772
v -0.527479 -1.773010 -0.352450
v -0.448584 -1.773010 -0.448584
v -0.352450 -1.773010 -0.527479
v -0.242772 -1.773010 -0.586103
v -0.123764 -1.773010 -0.622204
v -0.000000 -1.773010 -0.634393
v 0.123764 -1.773010 -0.622204
v 0.242772 -1.773010 -0.586103
v 0.352450 -1.773010 -0.527479
v 0.448584 -1.773010 -0.448584
v 0.527479 -1.773010 -0.352450
v 0.586103 -1.773010 -0.242772
v 0.622204 -1.773010 -0.123764
v 0.555570 -1.831470 0.000000
v 0.544895 -1.831470 0.108386
v 0.513280 -1.831470 0.212608
v 0.461940 -1.831470 0.308658
v 0.392847 -1.831470 0.392847
v 0.308658 -1.831470 0.461940
v 0.212608 -1.831470 0.513280
v 0.108386 -1.831470 0.544895
v 0.000000 -1.831470 0.555570
v -0.108386 -1.831470 0.544895
v -0.212608 -1.831470 0.513280
v -0.308658 -1.831470 0.461940
v -0.392847 -1.831470 0.392847
v -0.461940 -1.831470 0.308658
v -0.513280 -1.831470 0.212608
v -0.544895 -1.831470 0.108386
v -0.555570 -1.831470 0.000000
v -0.544895 -1.831470 -0.108386
v -0.513280 -1.831470 -0.212608
v -0.461940 -1.831470 -0.308658
v -0.392847 -1.831470 -0.392847
v -0.308658 -1.831470 -0.461940
v -0.212608 -1.831470 -0.513280
v -0.108386 -1.831470 -0.544895
v -0.000000 -1.831470 -0.555570
v 0.108386 -1.831470 -0.544895
v 0.212608 -1.831470 -0.513280
v 0.308658 -1.831470 -0.461940
v 0.392847 -1.831470 -0.392847
v 0.461940 -1.831470 -0.308658
v 0.513280 -1.831470 -0.212608
v 0.544895 -1.831470 -0.108386
v 0.471397 -1.881921 0.000000
v 0.462339 -1.881921 0.091965
v 0.435514 -1.881921 0.180396
v 0.391952 -1.881921 0.261894
v 0.333328 -1.881921 0.333328
v 0.261894 -1.881921 0.391952
v 0.180396 -1.881921 0.435514
v 0.091965 -1.881921 0.462339
v 0.000000 -1.881921 0.471397
v -0.091965 -1.881921 0.462339
v -0.180396 -1.881921 0.435514
v -0.261894 -1.881921 0.391952
v -0.333328 -1.881921 0.333328
v -0.391952 -1.881921 0.261894
v -0.435514 -1.881921 0.180396
v -0.462339 -1.881921 0.091965
v -0.471397 -1.881921 0.000000
v -0.462339 -1.881921 -0.091965
v -0.435514 -1.881921 -0.180396
v -0.391952 -1.881921 -0.261894
v -0.333328 -1.881921 -0.333328
v -0.261894 -1.881921 -0.391952
v -0.180396 -1.881921 -0.435514
v -0.091965 -1.881921 -0.462339
v -0.000000 -1.881921 -0.471397
v 0.091965 -1.881921 -0.462339
v 0.180396 -1.881921 -0.435514
v 0.261894 -1.881921 -0.391952
v 0.333328 -1.881921 -0.333328
v 0.391952 -1.881921 -0.261894
v 0.435514 -1.881921 -0.180396
v 0.462339 -1.881921 -0.091965
v 0.382683 -1.923880 0.000000
v 0.375330 -1.923880 0.074658
v 0.353553 -1.923880 0.146447
v 0.318190 -1.923880 0.212608
v 0.270598 -1.923880 0.270598
v 0.212608 -1.923880 0.318190
v 0.146447 -1.923880 0.353553
v 0.074658 -1.923880 0.375330
v 0.000000 -1.923880 0.382683
v -0.074658 -1.923880 0.375330
v -0.146447 -1.923880 0.353553
v -0.212608 -1.923880 0.318190
v -0.270598 -1.923880 0.270598
v -0.318190 -1.923880 0.212608
v -0.353553 -1.923880 0.146447
v -0.375330 -1.923880 0.074658
v -0.382683 -1.923880 0.000000
v -0.375330 -1.923880 -0.074658
v -0.353553 -1.923880 -0.146447
v -0.318190 -1.923880 -0.212608
v -0.270598 -1.923880 -0.270598
v -0.212608 -1.923880 -0.318190
v -0.146447 -1.923880 -0.353553
v -0.074658 -1.923880 -0.375330
v -0.000000 -1.923880 -0.382683
v 0.074658 -1.923880 -0.375330
v 0.146447 -1.923880 -0.353553
v 0.212608 -1.923880 -0.318190
v 0.270598 -1.923880 -0.270598
v 0.318190 -1.923880 -0.212608
v 0.353553 -1.923880 -0.146447
v 0.375330 -1.923880 -0.074658
v 0.290285 -1.956940 0.000000
v 0.284707 -1.956940 0.056632
v 0.268188 -1.956940 0.111087
v 0.241363 -1.956940 0.161274
v 0.205262 -1.956940 0.205262
v 0.161274 -1.956940 0.241363
v 0.111087 -1.956940 0.268188
v 0.056632 -1.956940 0.284707
v 0.000000 -1.956940 0.290285
v -0.056632 -1.956940 0.284707
v -0.111087 -1.956940 0.268188
v -0.161274 -1.956940 0.241363
v -0.205262 -1.956940 0.205262
v -0.241363 -1.956940 0.161274
v -0.268188 -1.956940 0.111087
v -0.284707 -1.956940 0.056632
v -0.290285 -1.956940 0.000000
v -0.284707 -1.956940 -0.056632
v -0.268188 -1.956940 -0.111087
v -0.241363 -1.956940 -0.161274
v -0.205262 -1.956940 -0.205262
v -0.161274 -1.956940 -0.241363
v -0.111087 -1.956940 -0.268188
v -0.056632 -1.956940 -0.284707
v -0.000000 -1.956940 -0.290285
v 0.056632 -1.956940 -0.284707
v 0.111087 -1.956940 -0.268188
v 0.161274 -1.956940 -0.241363
v 0.205262 -1.956940 -0.205262
v 0.241363 -1.956940 -0.161274
v 0.268188 -1.956940 -0.111087
v 0.284707 -1.956940 -0.056632
v 0.195090 -1.980785 0.000000
v 0.191342 -1.980785 0.038060
v 0.180240 -1.980785 0.074658
v 0.162212 -1.980785 0.108386
v 0.137950 -1.980785 0.137950
v 0.108386 -1.980785 0.162212
v 0.074658 -1.980785 0.180240
v 0.038060 -1.980785 0.191342
v 0.000000 -1.980785 0.195090
v -0.038060 -1.980785 0.191342
v -0.074658 -1.980785 0.180240
v -0.108386 -1.980785 0.162212
v -0.137950 -1.980785 0.137950
v -0.162212 -1.980785 0.108386
v -0.180240 -1.980785 0.074658
v -0.191342 -1.980785 0.038060
v -0.195090 -1.980785 0.000000
v -0.191342 -1.980785 -0.038060
v -0.180240 -1.980785 -0.074658
v -0.162212 -1.980785 -0.108386
v -0.137950 -1.980785 -0.137950
v -0.108386 -1.980785 -0.162212
v -0.074658 -1.980785 -0.180240
v -0.038060 -1.980785 -0.191342
v -0.000000 -1.980785 -0.195090
v 0.038060 -1.980785 -0.191342
v 0.074658 -1.980785 -0.180240
v 0.108386 -1.980785 -0.162212
v 0.137950 -1.980785 -0.137950
v 0.162212 -1.980785 -0.108386
v 0.180240 -1.980785 -0.074658
v 0.191342 -1.980785 -0.038060
v 0.098017 -1.995185 0.000000
v 0.096134 -1.995185 0.019122
v 0.090556 -1.995185 0.037510
v 0.081498 -1.995185 0.054455
v 0.069309 -1.995185 0.069309
v 0.054455 -1.995185 0.081498
v 0.037510 -1.995185 0.090556
v 0.019122 -1.995185 0.096134
v 0.000000 -1.995185 0.098017
v -0.019122 -1.995185 0.096134
v -0.037510 -1.995185 0.090556
v -0.054455 -1.995185 0.081498
v -0.069309 -1.995185 0.069309
v -0.081498 -1.995185 0.054455
v -0.090556 -1.995185 0.037510
v -0.096134 -1.995185 0.019122
v -0.098017 -1.995185 0.000000
v -0.096134 -1.995185 -0.019122
v -0.090556 -1.995185 -0.037510
v -0.081498 -1.995185 -0.054455
v -0.069309 -1.995185 -0.069309
v -0.054455 -1.995185 -0.081498
v -0.037510 -1.995185 -0.090556
v -0.019122 -1.995185 -0.096134
v -0.000000 -1.995185 -0.098017
v 0.019122 -1.995185 -0.096134
v 0.037510 -1.995185 -0.090556
v 0.054455 -1.995185 -0.081498
v 0.069309 -1.995185 -0.069309
v 0.081498 -1.995185 -0.054455
v 0.090556 -1.995185 -0.037510
v 0.096134 -1.995185 -0.019122
v 0.000000 -2.000000 0.000000
v 0.000000 -2.000000 0.000000
v 0.000000 -2.000000 0.000000
v 0.000000 -2.000000 0.000000
v 0.000000 -2.000000 0.000000
v 0.000000 -2.000000 0.000000
v 0.000000 -2.000000 0.000000
v 0.000000 -2.000000 0.000000
v 0.000000 -2.000000 0.000000
v -0.000000 -2.000000 0.000000
v -0.000000 -2.000000 0.000000
v -0.000000 -2.000000 0.000000
v -0.000000 -2.000000 0.000000
v -0.000000 -2.000000 0.000000
v -0.000000 -2.000000 0.000000
v -0.000000 -2.000000 0.000000
v -0.000000 -2.000000 0.000000
v -0.000000 -2.000000 -0.000000
v -0.000000 -2.000000 -0.000000
v -0.000000 -2.000000 -0.000000
v -0.000000 -2.000000 -0.000000
v -0.000000 -2.000000 -0.000000
v -0.000000 -2.000000 -0.000000
v -0.000000 -2.000000 -0.000000
v -0.000000 -2.000000 -0.000000
v 0.000000 -2.000000 -0.000000
v 0.000000 -2.000000 -0.000000
v 0.000000 -2.000000 -0.000000
v 0.000000 -2.000000 -0.000000
v 0.000000 -2.000000 -0.000000
v 0.000000 -2.000000 -0.000000
v 0.000000 -2.000000 -0.000000
vn 0.000000 1.000000 0.000000
vn 0.000000 1.000000 0.000000
vn 0.000000 1.000000 0.000000
vn 0.000000 1.000000 0.000000
vn 0.000000 1.000000 0.000000
vn 0.000000 1.000000 0.000000
vn 0.000000 1.000000 0.000000
vn 0.000000 1.000000 0.000000
vn 0.000000 1.000000 0.000000
vn -0.000000 1.000000 0.000000
vn -0.000000 1.000000 0.000000
vn -0.000000 1.000000 0.000000
vn -0.000000 1.000000 0.000000
vn -0.000000 1.000000 0.000000
vn -0.000000 1.000000 0.000000
vn -0.000000 1.000000 0.000000
vn -0.000000 1.000000 0.000000
vn -0.000000 1.000000 -0.000000
vn -0.000000 1.000000 -0.000000
vn -0.000000 1.000000 -0.000000
vn -0.000000 1.000000 -0.000000
vn -0.000000 1.000000 -0.000000
vn -0.000000 1.000000 -0.000000
vn -0.000000 1.000000 -0.000000
vn -0.000000 1.000000 -0.000000
vn 0.000000 1.000000 -0.000000
vn 0.000000 1.000000 -0.000000
vn 0.000000 1.000000 -0.000000
vn 0.000000 1.000000 -0.000000
vn 0.000000 1.000000 -0.000000
vn 0.000000 1.000000 -0.000000
vn 0.000000 1.000000 -0.000000
vn 0.098017 0.995185 0.000000
vn 0.096134 0.995185 0.019122
vn 0.090556 0.995185 0.037510
vn 0.081498 0.995185 0.054455
vn 0.069309 0.995185 0.069309
vn 0.054455 0.995185 0.081498
vn 0.037510 0.995185 0.090556
vn 0.019122 0.995185 0.096134
vn 0.000000 0.995185 0.098017
vn -0.019122 0.995185 0.096134
vn -0.037510 0.995185 0.090556
vn -0.054455 0.995185 0.081498
vn -0.069309 0.995185 0.069309
vn -0.081498 0.995185 0.054455
vn -0.090556 0.995185 0.037510
vn -0.096134 0.995185 0.019122
vn -0.098017 0.995185 0.000000
vn -0.096134 0.995185 -0.019122
vn -0.090556 0.995185 -0.037510
vn -0.081498 0.995185 -0.054455
vn -0.069309 0.995185 -0.069309
vn -0.054455 0.995185 -0.081498
vn -0.037510 0.995185 -0.090556
vn -0.019122 0.995185 -0.096134
vn -0.000000 0.995185 -0.098017
vn 0.019122 0.995185 -0.096134
vn 0.037510 0.995185 -0.090556
vn 0.054455 0.995185 -0.081498
vn 0.069309 0.995185 -0.069309
vn 0.081498 0.995185 -0.054455
vn 0.090556 0.995185 -0.037510
vn 0.096134 0.995185 -0.019122
vn 0.195090 0.980785 0.000000
vn 0.191342 0.980785 0.038060
vn 0.180240 0.980785 0.074658
vn 0.162212 0.980785 0.108386
vn 0.137950 0.980785 0.137950
vn 0.108386 0.980785 0.162212
vn 0.074658 0.980785 0.180240
vn 0.038060 0.980785 0.191342
vn 0.000000 0.980785 0.195090
vn -0.038060 0.980785 0.191342
vn -0.074658 0.980785 0.180240
vn -0.108386 0.980785 0.162212
vn -0.137950 0.980785 0.137950
vn -0.162212 0.980785 0.108386
vn -0.180240 0.980785 0.074658
vn -0.191342 0.980785 0.038060
vn -0.195090 0.980785 0.000000
vn -0.191342 0.980785 -0.038060
vn -0.180240 0.980785 -0.074658
vn -0.162212 0.980785 -0.108386
vn -0.137950 0.980785 -0.137950
vn -0.108386 0.980785 -0.162212
vn -0.074658 0.980785 -0.180240
vn -0.038060 0.980785 -0.191342
vn -0.000000 0.980785 -0.195090
vn 0.038060 0.980785 -0.191342
vn 0.074658 0.980785 -0.180240
vn 0.108386 0.980785 -0.162212
vn 0.137950 0.980785 -0.137950
vn 0.162212 0.980785 -0.108386
vn 0.180240 0.980785 -0.074658
vn 0.191342 0.980785 -0.038060
vn 0.290285 0.956940 0.000000
vn 0.284707 0.956940 0.056632
vn 0.268188 0.956940 0.111087
vn 0.241363 0.956940 0.161274
vn 0.205262 0.956940 0.205262
vn 0.161274 0.956940 0.241363
vn 0.111087 0.956940 0.268188
vn 0.056632 0.956940 0.284707
vn 0.000000 0.956940 0.290285
vn -0.056632 0.956940 0.284707
vn -0.111087 0.956940 0.268188
vn -0.161274 0.956940 0.241363
vn -0.205262 0.956940 0.205262
vn -0.241363 0.956940 0.161274
vn -0.268188 0.956940 0.111087
vn -0.284707 0.956940 0.056632
vn -0.290285 0.956940 0.000000
vn -0.284707 0.956940 -0.056632
vn -0.268188 0.956940 -0.111087
vn -0.241363 0.956940 -0.161274
vn -0.205262 0.956940 -0.205262
vn -0.161274 0.956940 -0.241363
vn -0.111087 0.956940 -0.268188
vn -0.056632 0.956940 -0.284707
vn -0.000000 0.956940 -0.290285
vn 0.056632 0.956940 -0.284707
vn 0.111087 0.956940 -0.268188
vn 0.161274 0.956940 -0.241363
vn 0.205262 0.956940 -0.205262
vn 0.241363 0.956940 -0.161274
vn 0.268188 0.956940 -0.111087
vn 0.284707 0.956940 -0.056632
vn 0.382683 0.923880 0.000000
vn 0.375330 0.923880 0.074658
vn 0.353553 0.923880 0.146447
vn 0.318190 0.923880 0.212608
vn 0.270598 0.923880 0.270598
vn 0.212608 0.923880 0.318190
vn 0.146447 0.923880 0.353553
vn 0.074658 0.923880 0.375330
vn 0.000000 0.923880 0.382683
vn -0.074658 0.923880 0.375330
vn -0.146447 0.923880 0.353553
vn -0.212608 0.923880 0.318190
vn -0.270598 0.923880 0.270598
vn -0.318190 0.923880 0.212608
vn -0.353553 0.923880 0.146447
vn -0.375330 0.923880 0.074658
vn -0.382683 0.923880 0.000000
vn -0.375330 0.923880 -0.074658
vn -0.353553 0.923880 -0.146447
vn -0.318190 0.923880 -0.212608
vn -0.270598 0.923880 -0.270598
vn -0.212608 0.923880 -0.318190
vn -0.146447 0.923880 -0.353553
vn -0.074658 0.923880 -0.375330
vn -0.000000 0.923880 -0.382683
vn 0.074658 0.923880 -0.375330
vn 0.146447 0.923880 -0.353553
vn 0.212608 0.923880 -0.318190
vn 0.270598 0.923880 -0.270598
vn 0.318190 0.923880 -0.212608
vn 0.353553 0.923880 -0.146447
vn 0.375330 0.923880 -0.074658
vn 0.471397 0.881921 0.000000
vn 0.462339 0.881921 0.091965
vn 0.435514 0.881921 0.180396
vn 0.391952 0.881921 0.261894
vn 0.333328 0.881921 0.333328
vn 0.261894 0.881921 0.391952
vn 0.180396 0.881921 0.435514
vn 0.091965 0.881921 0.462339
vn 0.000000 0.881921 0.471397
vn -0.091965 0.881921 0.462339
vn -0.180396 0.881921 0.435514
vn -0.261894 0.881921 0.391952
vn -0.333328 0.881921 0.333328
vn -0.391952 0.881921 0.261894
vn -0.435514 0.881921 0.180396
vn -0.462339 0.881921 0.091965
vn -0.471397 0.881921 0.000000
vn -0.462339 0.881921 -0.091965
vn -0.435514 0.881921 -0.180396
vn -0.391952 0.881921 -0.261894
vn -0.333328 0.881921 -0.333328
vn -0.261894 0.881921 -0.391952
vn -0.180396 0.881921 -0.435514
vn -0.091965 0.881921 -0.462339
vn -0.000000 0.881921 -0.471397
vn 0.091965 0.881921 -0.462339
vn 0.180396 0.881921 -0.435514
vn 0.261894 0.881921 -0.391952
vn 0.333328 0.881921 -0.333328
vn 0.391952 0.881921 -0.261894
vn 0.435514 0.881921 -0.180396
vn 0.462339 0.881921 -0.091965
vn 0.555570 0.831470 0.000000
vn 0.544895 0.831470 0.108386
vn 0.513280 0.831470 0.212608
vn 0.461940 0.831470 0.308658
vn 0.392847 0.831470 0.392847
vn 0.308658 0.831470 0.461940
vn 0.212608 0.831470 0.513280
vn 0.108386 0.831470 0.544895
vn 0.000000 0.831470 0.555570
vn -0.108386 0.831470 0.544895
vn -0.212608 0.831470 0.513280
vn -0.308658 0.831470 0.461940
vn -0.392847 0.831470 0.392847
vn -0.461940 0.831470 0.308658
vn -0.513280 0.831470 0.212608
vn -0.544895 0.831470 0.108386
vn -0.555570 0.831470 0.000000
vn -0.544895 0.831470 -0.108386
vn -0.513280 0.831470 -0.212608
vn -0.461940 0.831470 -0.308658
vn -0.392847 0.831470 -0.392847
vn -0.308658 0.831470 -0.461940
vn -0.212608 0.831470 -0.513280
vn -0.108386 0.831470 -0.544895
vn -0.000000 0.831470 -0.555570
vn 0.108386 0.831470 -0.544895
vn 0.212608 0.831470 -0.513280
vn 0.308658 0.831470 -0.461940
vn 0.392847 0.831470 -0.392847
vn 0.461940 0.831470 -0.308658
vn 0.513280 0.831470 -0.212608
vn 0.544895 0.831470 -0.108386
vn 0.634393 0.773010 0.000000
vn 0.622204 0.773010 0.123764
vn 0.586103 0.773010 0.242772
vn 0.527479 0.773010 0.352450
vn 0.448584 0.773010 0.448584
vn 0.352450 0.773010 0.527479
vn 0.242772 0.773010 0.586103
vn 0.123764 0.773010 0.622204
vn 0.000000 0.773010 0.634393
vn -0.123764 0.773010 0.622204
vn -0.242772 0.773010 0.586103
vn -0.352450 0.773010 0.527479
vn -0.448584 0.773010 0.448584
vn -0.527479 0.773010 0.352450
vn -0.586103 0.773010 0.242772
vn -0.622204 0.773010 0.123764
vn -0.634393 0.773010 0.000000
vn -0.622204 0.773010 -0.123764
vn -0.586103 0.773010 -0.242772
vn -0.527479 0.773010 -0.352450
vn -0.448584 0.773010 -0.448584
vn -0.352450 0.773010 -0.527479
vn -0.242772 0.773010 -0.586103
vn -0.123764 0.773010 -0.622204
vn -0.000000 0.773010 -0.634393
vn 0.123764 0.773010 -0.622204
vn 0.242772 0.773010 -0.586103
vn 0.352450 0.773010 -0.527479
vn 0.448584 0.773010 -0.448584
vn 0.527479 0.773010 -0.352450
vn 0.586103 0.773010 -0.242772
vn 0.622204 0.773010 -0.123764
vn 0.707107 0.707107 0.000000
vn 0.693520 0.707107 0.137950
vn 0.653281 0.707107 0.270598
vn 0.587938 0.707107 0.392847
vn 0.500000 0.707107 0.500000
vn 0.392847 0.707107 0.587938
vn 0.270598 0.707107 0.653281
vn 0.137950 0.707107 0.693520
vn 0.000000 0.707107 0.707107
vn -0.137950 0.707107 0.693520
vn -0.270598 0.707107 0.653281
vn -0.392847 0.707107 0.587938
vn -0.500000 0.707107 0.500000
vn -0.587938 0.707107 0.392847
vn -0.653281 0.707107 0.270598
vn -0.693520 0.707107 0.137950
vn -0.707107 0.707107 0.000000
vn -0.693520 0.707107 -0.137950
vn -0.653281 0.707107 -0.270598
vn -0.587938 0.707107 -0.392847
vn -0.500000 0.707107 -0.500000
vn -0.392847 0.707107 -0.587938
vn -0.270598 0.707107 -0.653281
vn -0.137950 0.707107 -0.693520
vn -0.000000 0.707107 -0.707107
vn 0.137950 0.707107 -0.693520
vn 0.270598 0.707107 -0.653281
vn 0.392847 0.707107 -0.587938
vn 0.500000 0.707107 -0.500000
vn 0.587938 0.707107 -0.392847
vn 0.653281 0.707107 -0.270598
vn 0.693520 0.707107 -0.137950
vn 0.773010 0.634393 0.000000
vn 0.758157 0.634393 0.150807
vn 0.714169 0.634393 0.295818
vn 0.642735 0.634393 0.429462
vn 0.546601 0.634393 0.546601
vn 0.429462 0.634393 0.642735
vn 0.295818 0.634393 0.714169
vn 0.150807 0.634393 0.758157
vn 0.000000 0.634393 0.773010
vn -0.150807 0.634393 0.758157
vn -0.295818 0.634393 0.714169
vn -0.429462 0.634393 0.642735
vn -0.546601 0.634393 0.546601
vn -0.642735 0.634393 0.429462
vn -0.714169 0.634393 0.295818
vn -0.758157 0.634393 0.150807
vn -0.773010 0.634393 0.000000
vn -0.758157 0.634393 -0.150807
vn -0.714169 0.634393 -0.295818
vn -0.642735 0.634393 -0.429462
vn -0.546601 0.634393 -0.546601
vn -0.429462 0.634393 -0.642735
vn -0.295818 0.634393 -0.714169
vn -0.150807 0.634393 -0.758157
vn -0.000000 0.634393 -0.773010
vn 0.150807 0.634393 -0.758157
vn 0.295818 0.634393 -0.714169
vn 0.429462 0.634393 -0.642735
vn 0.546601 0.634393 -0.546601
vn 0.642735 0.634393 -0.429462
vn 0.714169 0.634393 -0.295818
vn 0.758157 0.634393 -0.150807
vn 0.831470 0.555570 0.000000
vn 0.815493 0.555570 0.162212
vn 0.768178 0.555570 0.318190
vn 0.691342 0.555570 0.461940
vn 0.587938 0.555570 0.587938
vn 0.461940 0.555570 0.691342
vn 0.318190 0.555570 0.768178
vn 0.162212 0.555570 0.815493
vn 0.000000 0.555570 0.831470
vn -0.162212 0.555570 0.815493
vn -0.318190 0.555570 0.768178
vn -0.461940 0.555570 0.691342
vn -0.587938 0.555570 0.587938
vn -0.691342 0.555570 0.461940
vn -0.768178 0.555570 0.318190
vn -0.815493 0.555570 0.162212
vn -0.831470 0.555570 0.000000
vn -0.815493 0.555570 -0.162212
vn -0.768178 0.555570 -0.318190
vn -0.691342 0.555570 -0.461940
vn -0.587938 0.555570 -0.587938
vn -0.461940 0.555570 -0.691342
vn -0.318190 0.555570 -0.768178
vn -0.162212 0.555570 -0.815493
vn -0.000000 0.555570 -0.831470
vn 0.162212 0.555570 -0.815493
vn 0.318190 0.555570 -0.768178
vn 0.461940 0.555570 -0.691342
vn 0.587938 0.555570 -0.587938
vn 0.691342 0.555570 -0.461940
vn 0.768178 0.555570 -0.318190
vn 0.815493 0.555570 -0.162212
vn 0.881921 0.471397 0.000000
vn 0.864975 0.471397 0.172054
vn 0.814789 0.471397 0.337497
vn 0.733291 0.471397 0.489969
vn 0.623613 0.471397 0.623613
vn 0.489969 0.471397 0.733291
vn 0.337497 0.471397 0.814789
vn 0.172054 0.471397 0.864975
vn 0.000000 0.471397 0.881921
vn -0.172054 0.471397 0.864975
vn -0.337497 0.471397 0.814789
vn -0.489969 0.471397 0.733291
vn -0.623613 0.471397 0.623613
vn -0.733291 0.471397 0.489969
vn -0.814789 0.471397 0.337497
vn -0.864975 0.471397 0.172054
vn -0.881921 0.471397 0.000000
vn -0.864975 0.471397 -0.172054
vn -0.814789 0.471397 -0.337497
vn -0.733291 0.471397 -0.489969
vn -0.623613 0.471397 -0.623613
vn -0.489969 0.471397 -0.733291
vn -0.337497 0.471397 -0.814789
vn -0.172054 0.471397 -0.864975
vn -0.000000 0.471397 -0.881921
vn 0.172054 0.471397 -0.864975
vn 0.337497 0.471397 -0.814789
vn 0.489969 0.471397 -0.733291
vn 0.623613 0.471397 -0.623613
vn 0.733291 0.471397 -0.489969
vn 0.814789 0.471397 -0.337497
vn 0.864975 0.471397 -0.172054
vn 0.923880 0.382683 0.000000
vn 0.906127 0.382683 0.180240
vn 0.853553 0.382683 0.353553
vn 0.768178 0.382683 0.513280
vn 0.653281 0.382683 0.653281
vn 0.513280 0.382683 0.768178
vn 0.353553 0.382683 0.853553
vn 0.180240 0.382683 0.906127
vn 0.000000 0.382683 0.923880
vn -0.180240 0.382683 0.906127
vn -0.353553 0.382683 0.853553
vn -0.513280 0.382683 0.768178
vn -0.653281 0.382683 0.653281
vn -0.768178 0.382683 0.513280
vn -0.853553 0.382683 0.353553
vn -0.906127 0.382683 0.180240
vn -0.923880 0.382683 0.000000
vn -0.906127 0.382683 -0.180240
vn -0.853553 0.382683 -0.353553
vn -0.768178 0.382683 -0.513280
vn -0.653281 0.382683 -0.653281
vn -0.513280 0.382683 -0.768178
vn -0.353553 0.382683 -0.853553
vn -0.180240 0.382683 -0.906127
vn -0.000000 0.382683 -0.923880
vn 0.180240 0.382683 -0.906127
vn 0.353553 0.382683 -0.853553
vn 0.513280 0.382683 -0.768178
vn 0.653281 0.382683 -0.653281
vn 0.768178 0.382683 -0.513280
vn 0.853553 0.382683 -0.353553
vn 0.906127 0.382683 -0.180240
vn 0.956940 0.290285 0.000000
vn 0.938553 0.290285 0.186690
vn 0.884098 0.290285 0.366205
vn 0.795667 0.290285 0.531648
vn 0.676659 0.290285 0.676659
vn 0.531648 0.290285 0.795667
vn 0.366205 0.290285 0.884098
vn 0.186690 0.290285 0.938553
vn 0.000000 0.290285 0.956940
vn -0.186690 0.290285 0.938553
vn -0.366205 0.290285 0.884098
vn -0.531648 0.290285 0.795667
vn -0.676659 0.290285 0.676659
vn -0.795667 0.290285 0.531648
vn -0.884098 0.290285 0.366205
vn -0.938553 0.290285 0.186690
vn -0.956940 0.290285 0.000000
vn -0.938553 0.290285 -0.186690
vn -0.884098 0.290285 -0.366205
vn -0.795667 0.290285 -0.531648
vn -0.676659 0.290285 -0.676659
vn -0.531648 0.290285 -0.795667
vn -0.366205 0.290285 -0.884098
vn -0.186690 0.290285 -0.938553
vn -0.000000 0.290285 -0.956940
vn 0.186690 0.290285 -0.938553
vn 0.366205 0.290285 -0.884098
vn 0.531648 0.290285 -0.795667
vn 0.676659 0.290285 -0.676659
vn 0.795667 0.290285 -0.531648
vn 0.884098 0.290285 -0.366205
vn 0.938553 0.290285 -0.186690
vn 0.980785 0.195090 0.000000
vn 0.961940 0.195090 0.191342
vn 0.906127 0.195090 0.375330
vn 0.815493 0.195090 0.544895
vn 0.693520 0.195090 0.693520
vn 0.544895 0.195090 0.815493
vn 0.375330 0.195090 0.906127
vn 0.191342 0.195090 0.961940
vn 0.000000 0.195090 0.980785
vn -0.191342 0.195090 0.961940
vn -0.375330 0.195090 0.906127
vn -0.544895 0.195090 0.815493
vn -0.693520 0.195090 0.693520
vn -0.815493 0.195090 0.544895
vn -0.906127 0.195090 0.375330
vn -0.961940 0.195090 0.191342
vn -0.980785 0.195090 0.000000
vn -0.961940 0.195090 -0.191342
vn -0.906127 0.195090 -0.375330
vn -0.815493 0.195090 -0.544895
vn -0.693520 0.195090 -0.693520
vn -0.544895 0.195090 -0.815493
vn -0.375330 0.195090 -0.906127
vn -0.191342 0.195090 -0.961940
vn -0.000000 0.195090 -0.980785
vn 0.191342 0.195090 -0.961940
vn 0.375330 0.195090 -0.906127
vn 0.544895 0.195090 -0.815493
vn 0.693520 0.195090 -0.693520
vn 0.815493 0.195090 -0.544895
vn 0.906127 0.195090 -0.375330
vn 0.961940 0.195090 -0.191342
vn 0.995185 0.098017 0.000000
vn 0.976063 0.098017 0.194151
vn 0.919431 0.098017 0.380841
vn 0.827466 0.098017 0.552895
vn 0.703702 0.098017 0.703702
vn 0.552895 0.098017 0.827466
vn 0.380841 0.098017 0.919431
vn 0.194151 0.098017 0.976063
vn 0.000000 0.098017 0.995185
vn -0.194151 0.098017 0.976063
vn -0.380841 0.098017 0.919431
vn -0.552895 0.098017 0.827466
vn -0.703702 0.098017 0.703702
vn -0.827466 0.098017 0.552895
vn -0.919431 0.098017 0.380841
vn -0.976063 0.098017 0.194151
vn -0.995185 0.098017 0.000000
vn -0.976063 0.098017 -0.194151
vn -0.919431 0.098017 -0.380841
vn -0.827466 0.098017 -0.552895
vn -0.703702 0.098017 -0.703702
vn -0.552895 0.098017 -0.827466
vn -0.380841 0.098017 -0.919431
vn -0.194151 0.098017 -0.976063
vn -0.000000 0.098017 -0.995185
vn 0.194151 0.098017 -0.976063
vn 0.380841 0.098017 -0.919431
vn 0.552895 0.098017 -0.827466
vn 0.703702 0.098017 -0.703702
vn 0.827466 0.098017 -0.552895
vn 0.919431 0.098017 -0.380841
vn 0.976063 0.098017 -0.194151
vn 1.000000 0.000000 0.000000
vn 0.980785 0.000000 0.195090
vn 0.923880 0.000000 0.382683
vn 0.831470 0.000000 0.555570
vn 0.707107 0.000000 0.707107
vn 0.555570 0.000000 0.831470
vn 0.382683 0.000000 0.923880
vn 0.195090 0.000000 0.980785
vn 0.000000 0.000000 1.000000
vn -0.195090 0.000000 0.980785
vn -0.382683 0.000000 0.923880
vn -0.555570 0.000000 0.831470
vn -0.707107 0.000000 0.707107
vn -0.831470 0.000000 0.555570
vn -0.923880 0.000000 0.382683
vn -0.980785 0.000000 0.195090
vn -1.000000 0.000000 0.000000
vn -0.980785 0.000000 -0.195090
vn -0.923880 0.000000 -0.382683
vn -0.831470 0.000000 -0.555570
vn -0.707107 0.000000 -0.707107
vn -0.555570 0.000000 -0.831470
vn -0.382683 0.000000 -0.923880
vn -0.195090 0.000000 -0.980785
vn -0.000000 0.000000 -1.000000
vn 0.195090 0.000000 -0.980785
vn 0.382683 0.000000 -0.923880
vn 0.555570 0.000000 -0.831470
vn 0.707107 0.000000 -0.707107
vn 0.831470 0.000000 -0.555570
vn 0.923880 0.000000 -0.382683
vn 0.980785 0.000000 -0.195090
vn 0.995185 -0.098017 0.000000
vn 0.976063 -0.098017 0.194151
vn 0.919431 -0.098017 0.380841
vn 0.827466 -0.098017 0.552895
vn 0.703702 -0.098017 0.703702
vn 0.552895 -0.098017 0.827466
vn 0.380841 -0.098017 0.919431
vn 0.194151 -0.098017 0.976063
vn 0.000000 -0.098017 0.995185
vn -0.194151 -0.098017 0.976063
vn -0.380841 -0.098017 0.919431
vn -0.552895 -0.098017 0.827466
vn -0.703702 -0.098017 0.703702
vn -0.827466 -0.098017 0.552895
vn -0.919431 -0.098017 0.380841
vn -0.976063 -0.098017 0.194151
vn -0.995185 -0.098017 0.000000
vn -0.976063 -0.098017 -0.194151
vn -0.919431 -0.098017 -0.380841
vn -0.827466 -0.098017 -0.552895
vn -0.703702 -0.098017 -0.703702
vn -0.552895 -0.098017 -0.827466
vn -0.380841 -0.098017 -0.919431
vn -0.194151 -0.098017 -0.976063
vn -0.000000 -0.098017 -0.995185
vn 0.194151 -0.098017 -0.976063
vn 0.380841 -0.098017 -0.919431
vn 0.552895 -0.098017 -0.827466
vn 0.703702 -0.098017 -0.703702
vn 0.827466 -0.098017 -0.552895
vn 0.919431 -0.098017 -0.380841
vn 0.976063 -0.098017 -0.194151
vn 0.980785 -0.195090 0.000000
vn 0.961940 -0.195090 0.191342
vn 0.906127 -0.195090 0.375330
vn 0.815493 -0.195090 0.544895
vn 0.693520 -0.195090 0.693520
vn 0.544895 -0.195090 0.815493
vn 0.375330 -0.195090 0.906127
vn 0.191342 -0.195090 0.961940
vn 0.000000 -0.195090 0.980785
vn -0.191342 -0.195090 0.961940
vn -0.375330 -0.195090 0.906127
vn -0.544895 -0.195090 0.815493
vn -0.693520 -0.195090 0.693520
vn -0.815493 -0.195090 0.544895
vn -0.906127 -0.195090 0.375330
vn -0.961940 -0.195090 0.191342
vn -0.980785 -0.195090 0.000000
vn -0.961940 -0.195090 -0.191342
vn -0.906127 -0.195090 -0.375330
vn -0.815493 -0.195090 -0.544895
vn -0.693520 -0.195090 -0.693520
vn -0.544895 -0.195090 -0.815493
vn -0.375330 -0.195090 -0.906127
vn -0.191342 -0.195090 -0.961940
vn -0.000000 -0.195090 -0.980785
vn 0.191342 -0.195090 -0.961940
vn 0.375330 -0.195090 -0.906127
vn 0.544895 -0.195090 -0.815493
vn 0.693520 -0.195090 -0.693520
vn 0.815493 -0.195090 -0.544895
vn 0.906127 -0.195090 -0.375330
vn 0.961940 -0.195090 -0.191342
vn 0.956940 -0.290285 0.000000
vn 0.938553 -0.290285 0.186690
vn 0.884098 -0.290285 0.366205
vn 0.795667 -0.290285 0.531648
vn 0.676659 -0.290285 0.676659
vn 0.531648 -0.290285 0.795667
vn 0.366205 -0.290285 0.884098
vn 0.186690 -0.290285 0.938553
vn 0.000000 -0.290285 0.956940
vn -0.186690 -0.290285 0.938553
vn -0.366205 -0.290285 0.884098
vn -0.531648 -0.290285 0.795667
vn -0.676659 -0.290285 0.676659
vn -0.795667 -0.290285 0.531648
vn -0.884098 -0.290285 0.366205
vn -0.938553 -0.290285 0.186690
vn -0.956940 -0.290285 0.000000
vn -0.938553 -0.290285 -0.186690
vn -0.884098 -0.290285 -0.366205
vn -0.795667 -0.290285 -0.531648
vn -0.676659 -0.290285 -0.676659
vn -0.531648 -0.290285 -0.795667
vn -0.366205 -0.290285 -0.884098
vn -0.186690 -0.290285 -0.938553
vn -0.000000 -0.290285 -0.956940
vn 0.186690 -0.290285 -0.938553
vn 0.366205 -0.290285 -0.884098
vn 0.531648 -0.290285 -0.795667
vn 0.676659 -0.290285 -0.676659
vn 0.795667 -0.290285 -0.531648
vn 0.884098 -0.290285 -0.366205
vn 0.938553 -0.290285 -0.186690
vn 0.923880 -0.382683 0.000000
vn 0.906127 -0.382683 0.180240
vn 0.853553 -0.382683 0.353553
vn 0.768178 -0.382683 0.513280
vn 0.653281 -0.382683 0.653281
vn 0.513280 -0.382683 0.768178
vn 0.353553 -0.382683 0.853553
vn 0.180240 -0.382683 0.906127
vn 0.000000 -0.382683 0.923880
vn -0.180240 -0.382683 0.906127
vn -0.353553 -0.382683 0.853553
vn -0.513280 -0.382683 0.768178
vn -0.653281 -0.382683 0.653281
vn -0.768178 -0.382683 0.513280
vn -0.853553 -0.382683 0.353553
vn -0.906127 -0.382683 0.180240
vn -0.923880 -0.382683 0.000000
vn -0.906127 -0.382683 -0.180240
vn -0.853553 -0.382683 -0.353553
vn -0.768178 -0.382683 -0.513280
vn -0.653281 -0.382683 -0.653281
vn -0.513280 -0.382683 -0.768178
vn -0.353553 -0.382683 -0.853553
vn -0.180240 -0.382683 -0.906127
vn -0.000000 -0.382683 -0.923880
vn 0.180240 -0.382683 -0.906127
vn 0.353553 -0.382683 -0.853553
vn 0.513280 -0.382683 -0.768178
vn 0.653281 -0.382683 -0.653281
vn 0.768178 -0.382683 -0.513280
vn 0.853553 -0.382683 -0.353553
vn 0.906127 -0.382683 -0.180240
vn 0.881921 -0.471397 0.000000
vn 0.864975 -0.471397 0.172054
vn 0.814789 -0.471397 0.337497
vn 0.733291 -0.471397 0.489969
vn 0.623613 -0.471397 0.623613
vn 0.489969 -0.471397 0.733291
vn 0.337497 -0.471397 0.814789
vn 0.172054 -0.471397 0.864975
vn 0.000000 -0.471397 0.881921
vn -0.172054 -0.471397 0.864975
vn -0.337497 -0.471397 0.814789
vn -0.489969 -0.471397 0.733291
vn -0.623613 -0.471397 0.623613
vn -0.733291 -0.471397 0.489969
vn -0.814789 -0.471397 0.337497
vn -0.864975 -0.471397 0.172054
vn -0.881921 -0.471397 0.000000
vn -0.864975 -0.471397 -0.172054
vn -0.814789 -0.471397 -0.337497
vn -0.733291 -0.471397 -0.489969
vn -0.623613 -0.471397 -0.623613
vn -0.489969 -0.471397 -0.733291
vn -0.337497 -0.471397 -0.814789
vn -0.172054 -0.471397 -0.864975
vn -0.000000 -0.471397 -0.881921
vn 0.172054 -0.471397 -0.864975
vn 0.337497 -0.471397 -0.814789
vn 0.489969 -0.471397 -0.733291
vn 0.623613 -0.471397 -0.623613
vn 0.733291 -0.471397 -0.489969
vn 0.814789 -0.471397 -0.337497
vn 0.864975 -0.471397 -0.172054
vn 0.831470 -0.555570 0.000000
vn 0.815493 -0.555570 0.162212
vn 0.768178 -0.555570 0.318190
vn 0.691342 -0.555570 0.461940
vn 0.587938 -0.555570 0.587938
vn 0.461940 -0.555570 0.691342
vn 0.318190 -0.555570 0.768178
vn 0.162212 -0.555570 0.815493
vn 0.000000 -0.555570 0.831470
vn -0.162212 -0.555570 0.815493
vn -0.318190 -0.555570 0.768178
vn -0.461940 -0.555570 0.691342
vn -0.587938 -0.555570 0.587938
vn -0.691342 -0.555570 0.461940
vn -0.768178 -0.555570 0.318190
vn -0.815493 -0.555570 0.162212
vn -0.831470 -0.555570 0.000000
vn -0.815493 -0.555570 -0.162212
vn -0.768178 -0.555570 -0.318190
vn -0.691342 -0.555570 -0.461940
vn -0.587938 -0.555570 -0.587938
vn -0.461940 -0.555570 -0.691342
vn -0.318190 -0.555570 -0.768178
vn -0.162212 -0.555570 -0.815493
vn -0.000000 -0.555570 -0.831470
vn 0.162212 -0.555570 -0.815493
vn 0.318190 -0.555570 -0.768178
vn 0.461940 -0.555570 -0.691342
vn 0.587938 -0.555570 -0.587938
vn 0.691342 -0.555570 -0.461940
vn 0.768178 -0.555570 -0.318190
vn 0.815493 -0.555570 -0.162212
vn 0.773010 -0.634393 0.000000
vn 0.758157 -0.634393 0.150807
vn 0.714169 -0.634393 0.295818
vn 0.642735 -0.634393 0.429462
vn 0.546601 -0.634393 0.546601
vn 0.429462 -0.634393 0.642735
vn 0.295818 -0.634393 0.714169
vn 0.150807 -0.634393 0.758157
vn 0.000000 -0.634393 0.773010
vn -0.150807 -0.634393 0.758157
vn -0.295818 -0.634393 0.714169
vn -0.429462 -0.634393 0.642735
vn -0.546601 -0.634393 0.546601
vn -0.642735 -0.634393 0.429462
vn -0.714169 -0.634393 0.295818
vn -0.758157 -0.634393 0.150807
vn -0.773010 -0.634393 0.000000
vn -0.758157 -0.634393 -0.150807
vn -0.714169 -0.634393 -0.295818
vn -0.642735 -0.634393 -0.429462
vn -0.546601 -0.634393 -0.546601
vn -0.429462 -0.634393 -0.642735
vn -0.295818 -0.634393 -0.714169
vn -0.150807 -0.634393 -0.758157
vn -0.000000 -0.634393 -0.773010
vn 0.150807 -0.634393 -0.758157
vn 0.295818 -0.634393 -0.714169
vn 0.429462 -0.634393 -0.642735
vn 0.546601 -0.634393 -0.546601
vn 0.642735 -0.634393 -0.429462
vn 0.714169 -0.634393 -0.295818
vn 0.758157 -0.634393 -0.150807
vn 0.707107 -0.707107 0.000000
vn 0.693520 -0.707107 0.137950
vn 0.653281 -0.707107 0.270598
vn 0.587938 -0.707107 0.392847
vn 0.500000 -0.707107 0.500000
vn 0.392847 -0.707107 0.587938
vn 0.270598 -0.707107 0.653281
vn 0.137950 -0.707107 0.693520
vn 0.000000 -0.707107 0.707107
vn -0.137950 -0.707107 0.693520
vn -0.270598 -0.707107 0.653281
vn -0.392847 -0.707107 0.587938
vn -0.500000 -0.707107 0.500000
vn -0.587938 -0.707107 0.392847
vn -0.653281 -0.707107 0.270598
vn -0.693520 -0.707107 0.137950
vn -0.707107 -0.707107 0.000000
vn -0.693520 -0.707107 -0.137950
vn -0.653281 -0.707107 -0.270598
vn -0.587938 -0.707107 -0.392847
vn -0.500000 -0.707107 -0.500000
vn -0.392847 -0.707107 -0.587938
vn -0.270598 -0.707107 -0.653281
vn -0.137950 -0.707107 -0.693520
vn -0.000000 -0.707107 -0.707107
vn 0.137950 -0.707107 -0.693520
vn 0.270598 -0.707107 -0.653281
vn 0.392847 -0.707107 -0.587938
vn 0.500000 -0.707107 -0.500000
vn 0.587938 -0.707107 -0.392847
vn 0.653281 -0.707107 -0.270598
vn 0.693520 -0.707107 -0.137950
vn 0.634393 -0.773010 0.000000
vn 0.622204 -0.773010 0.123764
vn 0.586103 -0.773010 0.242772
vn 0.527479 -0.773010 0.352450
vn 0.448584 -0.773010 0.448584
vn 0.352450 -0.773010 0.527479
vn 0.242772 -0.773010 0.586103
vn 0.123764 -0.773010 0.622204
vn 0.000000 -0.773010 0.634393
vn -0.123764 -0.773010 0.622204
vn -0.242772 -0.773010 0.586103
vn -0.352450 -0.773010 0.527479
vn -0.448584 -0.773010 0.448584
vn -0.527479 -0.773010 0.352450
vn -0.586103 -0.773010 0.242772
vn -0.622204 -0.773010 0.123764
vn -0.634393 -0.773010 0.000000
vn -0.622204 -0.773010 -0.123764
vn -0.586103 -0.773010 -0.242772
vn -0.527479 -0.773010 -0.352450
vn -0.448584 -0.773010 -0.448584
vn -0.352450 -0.773010 -0.527479
vn -0.242772 -0.773010 -0.586103
vn -0.123764 -0.773010 -0.622204
vn -0.000000 -0.773010 -0.634393
vn 0.123764 -0.773010 -0.622204
vn 0.242772 -0.773010 -0.586103
vn 0.352450 -0.773010 -0.527479
vn 0.448584 -0.773010 -0.448584
vn 0.527479 -0.773010 -0.352450
vn 0.586103 -0.773010 -0.242772
vn 0.622204 -0.773010 -0.123764
vn 0.555570 -0.831470 0.000000
vn 0.544895 -0.831470 0.108386
vn 0.513280 -0.831470 0.212608
vn 0.461940 -0.831470 0.308658
vn 0.392847 -0.831470 0.392847
vn 0.308658 -0.831470 0.461940
vn 0.212608 -0.831470 0.513280
vn 0.108386 -0.831470 0.544895
vn 0.000000 -0.831470 0.555570
vn -0.108386 -0.831470 0.544895
vn -0.212608 -0.831470 0.513280
vn -0.308658 -0.831470 0.461940
vn -0.392847 -0.831470 0.392847
vn -0.461940 -0.831470 0.308658
vn -0.513280 -0.831470 0.212608
vn -0.544895 -0.831470 0.108386
vn -0.555570 -0.831470 0.000000
vn -0.544895 -0.831470 -0.108386
vn -0.513280 -0.831470 -0.212608
vn -0.461940 -0.831470 -0.308658
vn -0.392847 -0.831470 -0.392847
vn -0.308658 -0.831470 -0.461940
vn -0.212608 -0.831470 -0.513280
vn -0.108386 -0.831470 -0.544895
vn -0.000000 -0.831470 -0.555570
vn 0.108386 -0.831470 -0.544895
vn 0.212608 -0.831470 -0.513280
vn 0.308658 -0.831470 -0.461940
vn 0.392847 -0.831470 -0.392847
vn 0.461940 -0.831470 -0.308658
vn 0.513280 -0.831470 -0.212608
vn 0.544895 -0.831470 -0.108386
vn 0.471397 -0.881921 0.000000
vn 0.462339 -0.881921 0.091965
vn 0.435514 -0.881921 0.180396
vn 0.391952 -0.881921 0.261894
vn 0.333328 -0.881921 0.333328
vn 0.261894 -0.881921 0.391952
vn 0.180396 -0.881921 0.435514
vn 0.091965 -0.881921 0.462339
vn 0.000000 -0.881921 0.471397
vn -0.091965 -0.881921 0.462339
vn -0.180396 -0.881921 0.435514
vn -0.261894 -0.881921 0.391952
vn -0.333328 -0.881921 0.333328
vn -0.391952 -0.881921 0.261894
vn -0.435514 -0.881921 0.180396
vn -0.462339 -0.881921 0.091965
vn -0.471397 -0.881921 0.000000
vn -0.462339 -0.881921 -0.091965
vn -0.435514 -0.881921 -0.180396
vn -0.391952 -0.881921 -0.261894
vn -0.333328 -0.881921 -0.333328
vn -0.261894 -0.881921 -0.391952
vn -0.180396 -0.881921 -0.435514
vn -0.091965 -0.881921 -0.462339
vn -0.000000 -0.881921 -0.471397
vn 0.091965 -0.881921 -0.462339
vn 0.180396 -0.881921 -0.435514
vn 0.261894 -0.881921 -0.391952
vn 0.333328 -0.881921 -0.333328
vn 0.391952 -0.881921 -0.261894
vn 0.435514 -0.881921 -0.180396
vn 0.462339 -0.881921 -0.091965
vn 0.382683 -0.923880 0.000000
vn 0.375330 -0.923880 0.074658
vn 0.353553 -0.923880 0.146447
vn 0.318190 -0.923880 0.212608
vn 0.270598 -0.923880 0.270598
vn 0.212608 -0.923880 0.318190
vn 0.146447 -0.923880 0.353553
vn 0.074658 -0.923880 0.375330
vn 0.000000 -0.923880 0.382683
vn -0.074658 -0.923880 0.375330
vn -0.146447 -0.923880 0.353553
vn -0.212608 -0.923880 0.318190
vn -0.270598 -0.923880 0.270598
vn -0.318190 -0.923880 0.212608
vn -0.353553 -0.923880 0.146447
vn -0.375330 -0.923880 0.074658
vn -0.382683 -0.923880 0.000000
vn -0.375330 -0.923880 -0.074658
vn -0.353553 -0.923880 -0.146447
vn -0.318190 -0.923880 -0.212608
vn -0.270598 -0.923880 -0.270598
vn -0.212608 -0.923880 -0.318190
vn -0.146447 -0.923880 -0.353553
vn -0.074658 -0.923880 -0.375330
vn -0.000000 -0.923880 -0.382683
vn 0.074658 -0.923880 -0.375330
vn 0.146447 -0.923880 -0.353553
vn 0.212608 -0.923880 -0.318190
vn 0.270598 -0.923880 -0.270598
vn 0.318190 -0.923880 -0.212608
vn 0.353553 -0.923880 -0.146447
vn 0.375330 -0.923880 -0.074658
vn 0.290285 -0.956940 0.000000
vn 0.284707 -0.956940 0.056632
vn 0.268188 -0.956940 0.111087
vn 0.241363 -0.956940 0.161274
vn 0.205262 -0.956940 0.205262
vn 0.161274 -0.956940 0.241363
vn 0.111087 -0.956940 0.268188
vn 0.056632 -0.956940 0.284707
vn 0.000000 -0.956940 0.290285
vn -0.056632 -0.956940 0.284707
vn -0.111087 -0.956940 0.268188
vn -0.161274 -0.956940 0.241363
vn -0.205262 -0.956940 0.205262
vn -0.241363 -0.956940 0.161274
vn -0.268188 -0.956940 0.111087
vn -0.284707 -0.956940 0.056632
vn -0.290285 -0.956940 0.000000
vn -0.284707 -0.956940 -0.056632
vn -0.268188 -0.956940 -0.111087
vn -0.241363 -0.956940 -0.161274
vn -0.205262 -0.956940 -0.205262
vn -0.161274 -0.956940 -0.241363
vn -0.111087 -0.956940 -0.268188
vn -0.056632 -0.956940 -0.284707
vn -0.000000 -0.956940 -0.290285
vn 0.056632 -0.956940 -0.284707
vn 0.111087 -0.956940 -0.268188
vn 0.161274 -0.956940 -0.241363
vn 0.205262 -0.956940 -0.205262
vn 0.241363 -0.956940 -0.161274
vn 0.268188 -0.956940 -0.111087
vn 0.284707 -0.956940 -0.056632
vn 0.195090 -0.980785 0.000000
vn 0.191342 -0.980785 0.038060
vn 0.180240 -0.980785 0.074658
vn 0.162212 -0.980785 0.108386
vn 0.137950 -0.980785 0.137950
vn 0.108386 -0.980785 0.162212
vn 0.074658 -0.980785 0.180240
vn 0.038060 -0.980785 0.191342
vn 0.000000 -0.980785 0.195090
vn -0.038060 -0.980785 0.191342
vn -0.074658 -0.980785 0.180240
vn -0.108386 -0.980785 0.162212
vn -0.137950 -0.980785 0.137950
vn -0.162212 -0.980785 0.108386
vn -0.180240 -0.980785 0.074658
vn -0.191342 -0.980785 0.038060
vn -0.195090 -0.980785 0.000000
vn -0.191342 -0.980785 -0.038060
vn -0.180240 -0.980785 -0.074658
vn -0.162212 -0.980785 -0.108386
vn -0.137950 -0.980785 -0.137950
vn -0.108386 -0.980785 -0.162212
vn -0.074658 -0.980785 -0.180240
vn -0.038060 -0.980785 -0.191342
vn -0.000000 -0.980785 -0.195090
vn 0.038060 -0.980785 -0.191342
vn 0.074658 -0.980785 -0.180240
vn 0.108386 -0.980785 -0.162212
vn 0.137950 -0.980785 -0.137950
vn 0.162212 -0.980785 -0.108386
vn 0.180240 -0.980785 -0.074658
vn 0.191342 -0.980785 -0.038060
vn 0.098017 -0.995185 0.000000
vn 0.096134 -0.995185 0.019122
vn 0.090556 -0.995185 0.037510
vn 0.081498 -0.995185 0.054455
vn 0.069309 -0.995185 0.069309
vn 0.054455 -0.995185 0.081498
vn 0.037510 -0.995185 0.090556
vn 0.019122 -0.995185 0.096134
vn 0.000000 -0.995185 0.098017
vn -0.019122 -0.995185 0.096134
vn -0.037510 -0.995185 0.090556
vn -0.054455 -0.995185 0.081498
vn -0.069309 -0.995185 0.069309
vn -0.081498 -0.995185 0.054455
vn -0.090556 -0.995185 0.037510
vn -0.096134 -0.995185 0.019122
vn -0.098017 -0.995185 0.000000
vn -0.096134 -0.995185 -0.019122
vn -0.090556 -0.995185 -0.037510
vn -0.081498 -0.995185 -0.054455
vn -0.069309 -0.995185 -0.069309
vn -0.054455 -0.995185 -0.081498
vn -0.037510 -0.995185 -0.090556
vn -0.019122 -0.995185 -0.096134
vn -0.000000 -0.995185 -0.098017
vn 0.019122 -0.995185 -0.096134
vn 0.037510 -0.995185 -0.090556
vn 0.054455 -0.995185 -0.081498
vn 0.069309 -0.995185 -0.069309
vn 0.081498 -0.995185 -0.054455
vn 0.090556 -0.995185 -0.037510
vn 0.096134 -0.995185 -0.019122
vn 0.000000 -1.000000 0.000000
vn 0.000000 -1.000000 0.000000
vn 0.000000 -1.000000 0.000000
vn 0.000000 -1.000000 0.000000
vn 0.000000 -1.000000 0.000000
vn 0.000000 -1.000000 0.000000
vn 0.000000 -1.000000 0.000000
vn 0.000000 -1.000000 0.000000
vn 0.000000 -1.000000 0.000000
vn -0.000000 -1.000000 0.000000
vn -0.000000 -1.000000 0.000000
vn -0.000000 -1.000000 0.000000
vn -0.000000 -1.000000 0.000000
vn -0.000000 -1.000000 0.000000
vn -0.000000 -1.000000 0.000000
vn -0.000000 -1.000000 0.000000
vn -0.000000 -1.000000 0.000000
vn -0.000000 -1.000000 -0.000000
vn -0.000000 -1.000000 -0.000000
vn -0.000000 -1.000000 -0.000000
vn -0.000000 -1.000000 -0.000000
vn -0.000000 -1.000000 -0.000000
vn -0.000000 -1.000000 -0.000000
vn -0.000000 -1.000000 -0.000000
vn -0.000000 -1.000000 -0.000000
vn 0.000000 -1.000000 -0.000000
vn 0.000000 -1.000000 -0.000000
vn 0.000000 -1.000000 -0.000000
vn 0.000000 -1.000000 -0.000000
vn 0.000000 -1.000000 -0.000000
vn 0.000000 -1.000000 -0.000000
vn 0.000000 -1.000000 -0.000000
f 1//1 2//2 34//34 33//33
f 2//2 3//3 35//35 34//34
f 3//3 4//4 36//36 35//35
f 4//4 5//5 37//37 36//36
f 5//5 6//6 38//38 37//37
f 6//6 7//7 39//39 38//38
f 7//7 8//8 40//40 39//39
f 8//8 9//9 41//41 40//40
f 9//9 10//10 42//42 41//41
f 10//10 11//11 43//43 42//42
f 11//11 12//12 44//44 43//43
f 12//12 13//13 45//45 44//44
f 13//13 14//14 46//46 45//45
f 14//14 15//15 47//47 46//46
f 15//15 16//16 48//48 47//47
f 16//16 17//17 49//49 48//48
f 17//17 18//18 50//50 49//49
f 18//18 19//19 51//51 50//50
f 19//19 20//20 52//52 51//51
f 20//20 21//21 53//53 52//52
f 21//21 22//22 54//54 53//53
f 22//22 23//23 55//55 54//54
f 23//23 24//24 56//56 55//55
f 24//24 25//25 57//57 56//56
f 25//25 26//26 58//58 57//57
f 26//26 27//27 59//59 58//58
f 27//27 28//28 60//60 59//59
f 28//28 29//29 61//61 60//60
f 29//29 30//30 62//62 61//61
f 30//30 31//31 63//63 62//62
f 31//31 32//32 64//64 63//63
f 32//32 1//1 33//33 64//64
f 33//33 34//34 66//66 65//65
f 34//34 35//35 67//67 66//66
f 35//35 36//36 68//68 67//67
f 36//36 37//37 69//69 68//68
f 37//37 38//38 70//70 69//69
f 38//38 39//39 71//71 70//70
f 39//39 40//40 72//72 71//71
f 40//40 41//41 73//73 72//72
f 41//41 42//42 74//74 73//73
f 42//42 43//43 75//75 74//74
f 43//43 44//44 76//76 75//75
f 44//44 45//45 77//77 76//76
f 45//45 46//46 78//78 77//77
f 46//46 47//47 79//79 78//78
f 47//47 48//48 80//80 79//79
f 48//48 49//49 81//81 80//80
f 49//49 50//50 82//82 81//81
f 50//50 51//51 83//83 82//82
f 51//51 52//52 84//84 83//83
f 52//52 53//53 85//85 84//84
f 53//53 54//54 86//86 85//85
f 54//54 55//55 87//87 86//86
f 55//55 56//56 88//88 87//87
f 56//56 57//57 89//89 88//88
f 57//57 58//58 90//90 89//89
f 58//58 59//59 91//91 90//90
f 59//59 60//60 92//92 91//91
f 60//60 61//61 93//93 92//92
f 61//61 62//62 94//94 93//93
f 62//62 63//63 95//95 94//94
f 63//63 64//64 96//96 95//95
f 64//64 33//33 65//65 96//96
f 65//65 66//66 98//98 97//97
f 66//66 67//67 99//99 98//98
f 67//67 68//68 100//100 99//99
f 68//68 69//69 101//101 100//100
f 69//69 70//70 102//102 101//101
f 70//70 71//71 103//103 102//102
f 71//71 72//72 104//104 103//103
f 72//72 73//73 105//105 104//104
f 73//73 74//74 106//106 105//105
f 74//74 75//75 107//107 106//106
f 75//75 76//76 108//108 107//107
f 76//76 77//77 109//109 108//108
f 77//77 78//78 110//110 109//109
f 78//78 79//79 111//111 110//110
f 79//79 80//80 112//112 111//111
f 80//80 81//81 113//113 112//112
f 81//81 82//82 114//114 113//113
f 82//82 83//83 115//115 114//114
f 83//83 84//84 116//116 115//115
f 84//84 85//85 117//117 116//116
f 85//85 86//86 118//118 117//117
f 86//86 87//87 119//119 118//118
f 87//87 88//88 120//120 119//119
f 88//88 89//89 121//121 120//120
f 89//89 90//90 122//122 121//121
f 90//90 91//91 123//123 122//122
f 91//91 92//92 124//124 123//123
f 92//92 93//93 125//125 124//124
f 93//93 94//94 126//126 125//125
f 94//94 95//95 127//127 126//126
f 95//95 96//96 128//128 127//127
f 96//96 65//65 97//97 128//128
f 97//97 98//98 130//130 129//129
f 98//98 99//99 131//131 130//130
f 99//99 100//100 132//132 131//131
f 100//100 101//101 133//133 132//132
f 101//101 102//102 134//134 133//133
f 102//102 103//103 135//135 134//134
f 103//103 104//104 136//136 135//135
f 104//104 105//105 137//137 136//136
f 105//105 106//106 138//138 137//137
f 106//106 107//107 139//139 138//138
f 107//107 108//108 140//140 139//139
f 108//108 109//109 141//141 140//140
f 109//109 110//110 142//142 141//141
f 110//110 111//111 143//143 142//142
f 111//111 112//112 144//144 143//143
f 112//112 113//113 145//145 144//144
f 113//113 114//114 146//146 145//145
f 114//114 115//115 147//147 146//146
f 115//115 116//116 148//148 147//147
f 116//116 117//117 149//149 148//148
f 117//117 118//118 150//150 149//149
f 118//118 119//119 151//151 150//150
f 119//119 120//120 152//152 151//151
f 120//120 121//121 153//153 152//152
f 121//121 122//122 154//154 153//153
f 122//122 123//123 155//155 154//154
f 123//123 124//124 156//156 155//155
f 124//124 125//125 157//157 156//156
f 125//125 126//126 158//158 157//157
f 126//126 127//127 159//159 158//158
f 127//127 128//128 160//160 159//159
f 128//128 97//97 129//129 160//160
f 129//129 130//130 162//162 161//161
f 130//130 131//131 163//163 162//162
f 131//131 132//132 164//164 163//163
f 132//132 133//133 165//165 164//164
f 133//133 134//134 166//166 165//165
f 134//134 135//135 167//167 166//166
f 135//135 136//136 168//168 167//167
f 136//136 137//137 169//169 168//168
f 137//137 138//138 170//170 169//169
f 138//138 139//139 171//171 170//170
f 139//139 140//140 172//172 171//171
f 140//140 141//141 173//173 172//172
f 141//141 142//142 174//174 173//173
f 142//142 143//143 175//175 174//174
f 143//143 144//144 176//176 175//175
f 144//144 145//145 177//177 176//176
f 145//145 146//146 178//178 177//177
f 146//146 147//147 179//179 178//178
f 147//147 148//148 180//180 179//179
f 148//148 149//149 181//181 180//180
f 149//149 150//150 182//182 181//181
f 150//150 151//151 183//183 182//182
f 151//151 152//152 184//184 183//183
f 152//152 153//153 185//185 184//184
f 153//153 154//154 186//186 185//185
f 154//154 155//155 187//187 186//186
f 155//155 156//156 188//188 187//187
f 156//156 157//157 189//189 188//188
f 157//157 158//158 190//190 189//189
f 158//158 159//159 191//191 190//190
f 159//159 160//160 192//192 191//191
f 160//160 129//129 161//161 192//192
f 161//161 162//162 194//194 193//193
f 162//162 163//163 195//195 194//194
f 163//163 164//164 196//196 195//195
f 164//164 165//165 197//197 196//196
f 165//165 166//166 198//198 197//197
f 166//166 167//167 199//199 198//198
f 167//167 168//168 200//200 199//199
f 168//168 169//169 201//201 200//200
f 169//169 170//170 202//202 201//201
f 170//170 171//171 203//203 202//202
f 171//171 172//172 204//204 203//203
f 172//172 173//173 205//205 204//204
f 173//173 174//174 206//206 205//205
f 174//174 175//175 207//207 206//206
f 175//175 176//176 208//208 207//207
f 176//176 177//177 209//209 208//208
f 177//177 178//178 210//210 209//209
f 178//178 179//179 211//211 210//210
f 179//179 180//180 212//212 211//211
f 180//180 181//181 213//213 212//212
f 181//181 182//182 214//214 213//213
f 182//182 183//183 215//215 214//214
f 183//183 184//184 216//216 215//215
f 184//184 185//185 217//217 216//216
f 185//185 186//186 218//218 217//217
f 186//186 187//187 219//219 218//218
f 187//187 188//188 220//220 219//219
f 188//188 189//189 221//221 220//220
f 189//189 190//190 222//222 221//221
f 190//190 191//191 223//223 222//222
f 191//191 192//192 224//224 223//223
f 192//192 161//161 193//193 224//224
f 193//193 194//194 226//226 225//225
f 194//194 195//195 227//227 226//226
f 195//195 196//196 228//228 227//227
f 196//196 197//197 229//229 228//228
f 197//197 198//198 230//230 229//229
f 198//198 199//199 231//231 230//230
f 199//199 200//200 232//232 231//231
f 200//200 201//201 233//233 232//232
f 201//201 202//202 234//234 233//233
f 202//202 203//203 235//235 234//234
f 203//203 204//204 236//236 235//235
f 204//204 205//205 237//237 236//236
f 205//205 206//206 238//238 237//237
f 206//206 207//207 239//239 238//238
f 207//207 208//208 240//240 239//239
f 208//208 209//209 241//241 240//240
f 209//209 210//210 242//242 241//241
f 210//210 211//211 243//243 242//242
f 211//211 212//212 244//244 243//243
f 212//212 213//213 245//245 244//244
f 213//213 214//214 246//246 245//245
f 214//214 215//215 247//247 246//246
f 215//215 216//216 248//248 247//247
f 216//216 217//217 249//249 248//248
f 217//217 218//218 250//250 249//249
f 218//218 219//219 251//251 250//250
f 219//219 220//220 252//252 251//251
f 220//220 221//221 253//253 252//252
f 221//221 222//222 254//254 253//253
f 222//222 223//223 255//255 254//254
f 223//223 224//224 256//256 255//255
f 224//224 193//193 225//225 256//256
f 225//225 226//226 258//258 257//257
f 226//226 227//227 259//259 258//258
f 227//227 228//228 260//260 259//259
f 228//228 229//229 261//261 260//260
f 229//229 230//230 262//262 261//261
f 230//230 231//231 263//263 262//262
f 231//231 232//232 264//264 263//263
f 232//232 233//233 265//265 264//264
f 233//233 234//234 266//266 265//265
f 234//234 235//235 267//267 266//266
f 235//235 236//236 268//268 267//267
f 236//236 237//237 269//269 268//268
f 237//237 238//238 270//270 269//269
f 238//238 239//239 271//271 270//270
f 239//239 240//240 272//272 271//271
f 240//240 241//241 273//273 272//272
f 241//241 242//242 274//274 273//273
f 242//242 243//243 275//275 274//274
f 243//243 244//244 276//276 275//275
f 244//244 245//245 277//277 276//276
f 245//245 246//246 278//278 277//277
f 246//246 247//247 279//279 278//278
f 247//247 248//248 280//280 279//279
f 248//248 249//249 281//281 280//280
f 249//249 250//250 282//282 281//281
f 250//250 251//251 283//283 282//282
f 251//251 252//252 284//284 283//283
f 252//252 253//253 285//285 284//284
f 253//253 254//254 286//286 285//285
f 254//254 255//255 287//287 286//286
f 255//255 256//256 288//288 287//287
f 256//256 225//225 257//257 288//288
f 257//257 258//258 290//290 289//289
f 258//258 259//259 291//291 290//290
f 259//259 260//260 292//292 291//291
f 260//260 261//261 293//293 292//292
f 261//261 262//262 294//294 293//293
f 262//262 263//263 295//295 294//294
f 263//263 264//264 296//296 295//295
f 264//264 265//265 297//297 296//296
f 265//265 266//266 298//298 297//297
f 266//266 267//267 299//299 298//298
f 267//267 268//268 300//300 299//299
f 268//268 269//269 301//301 300//300
f 269//269 270//270 302//302 301//301
f 270//270 271//271 303//303 302//302
f 271//271 272//272 304//304 303//303
f 272//272 273//273 305//305 304//304
f 273//273 274//274 306//306 305//305
f 274//274 275//275 307//307 306//306
f 275//275 276//276 308//308 307//307
f 276//276 277//277 309//309 308//308
f 277//277 278//278 310//310 309//309
f 278//278 279//279 311//311 310//310
f 279//279 280//280 312//312 311//311
f 280//280 281//281 313//313 312//312
f 281//281 282//282 314//314 313//313
f 282//282 283//283 315//315 314//314
f 283//283 284//284 316//316 315//315
f 284//284 285//285 317//317 316//316
f 285//285 286//286 318//318 317//317
f 286//286 287//287 319//319 318//318
f 287//287 288//288 320//320 319//319
f 288//288 257//257 289//289 320//320
f 289//289 290//290 322//322 321//321
f 290//290 291//291 323//323 322//322
f 291//291 292//292 324//324 323//323
f 292//292 293//293 325//325 324//324
f 293//293 294//294 326//326 325//325
f 294//294 295//295 327//327 326//326
f 295//295 296//296 328//328 327//327
f 296//296 297//297 329//329 328//328
f 297//297 298//298 330//330 329//329
f 298//298 299//299 331//331 330//330
f 299//299 300//300 332//332 331//331
f 300//300 301//301 333//333 332//332
f 301//301 302//302 334//334 333//333
f 302//302 303//303 335//335 334//334
f 303//303 304//304 336//336 335//335
f 304//304 305//305 337//337 336//336
f 305//305 306//306 338//338 337//337
f 306//306 307//307 339//339 338//338
f 307//307 308//308 340//340 339//339
f 308//308 309//309 341//341 340//340
f 309//309 310//310 342//342 341//341
f 310//310 311//311 343//343 342//342
f 311//311 312//312 344//344 343//343
f 312//312 313//313 345//345 344//344
f 313//313 314//314 346//346 345//345
f 314//314 315//315 347//347 346//346
f 315//315 316//316 348//348 347//347
f 316//316 317//317 349//349 348//348
f 317//317 318//318 350//350 349//349
f 318//318 319//319 351//351 350//350
f 319//319 320//320 352//352 351//351
f 320//320 289//289 321//321 352//352
f 321//321 322//322 354//354 353//353
f 322//322 323//323 355//355 354//354
f 323//323 324//324 356//356 355//355
f 324//324 325//325 357//357 356//356
f 325//325 326//326 358//358 357//357
f 326//326 327//327 359//359 358//358
f 327//327 328//328 360//360 359//359
f 328//328 329//329 361//361 360//360
f 329//329 330//330 362//362 361//361
f 330//330 331//331 363//363 362//362
f 331//331 332//332 364//364 363//363
f 332//332 333//333 365//365 364//364
f 333//333 334//334 366//366 365//365
f 334//334 335//335 367//367 366//366
f 335//335 336//336 368//368 367//367
f 336//336 337//337 369//369 368//368
f 337//337 338//338 370//370 369//369
f 338//338 339//339 371//371 370//370
f 339//339 340//340 372//372 371//371
f 340//340 341//341 373//373 372//372
f 341//341 342//342 374//374 373//373
f 342//342 343//343 375//375 374//374
f 343//343 344//344 376//376 375//375
f 344//344 345//345 377//377 376//376
f 345//345 346//346 378//378 377//377
f 346//346 347//347 379//379 378//378
f 347//347 348//348 380//380 379//379
f 348//348 349//349 381//381 380//380
f 349//349 350//350 382//382 381//381
f 350//350 351//351 383//383 382//382
f 351//351 352//352 384//384 383//383
f 352//352 321//321 353//353 384//384
f 353//353 354//354 386//386 385//385
f 354//354 355//355 387//387 386//386
f 355//355 356//356 388//388 387//387
f 356//356 357//357 389//389 388//388
f 357//357 358//358 390//390 389//389
f 358//358 359//359 391//391 390//390
f 359//359 360//360 392//392 391//391
f 360//360 361//361 393//393 392//392
f 361//361 362//362 394//394 393//393
f 362//362 363//363 395//395 394//394
f 363//363 364//364 396//396 395//395
f 364//364 365//365 397//397 396//396
f 365//365 366//366 398//398 397//397
f 366//366 367//367 399//399 398//398
f 367//367 368//368 400//400 399//399
f 368//368 369//369 401//401 400//400
f 369//369 370//370 402//402 401//401
f 370//370 371//371 403//403 402//402
f 371//371 372//372 404//404 403//403
f 372//372 373//373 405//405 404//404
f 373//373 374//374 406//406 405//405
f 374//374 375//375 407//407 406//406
f 375//375 376//376 408//408 407//407
f 376//376 377//377 409//409 408//408
f 377//377 378//378 410//410 409//409
f 378//378 379//379 411//411 410//410
f 379//379 380//380 412//412 411//411
f 380//380 381//381 413//413 412//412
f 381//381 382//382 414//414 413//413
f 382//382 383//383 415//415 414//414
f 383//383 384//384 416//416 415//415
f 384//384 353//353 385//385 416//416
f 385//385 386//386 418//418 417//417
f 386//386 387//387 419//419 418//418
f 387//387 388//388 420//420 419//419
f 388//388 389//389 421//421 420//420
f 389//389 390//390 422//422 421//421
f 390//390 391//391 423//423 422//422
f 391//391 392//392 424//424 423//423
f 392//392 393//393 425//425 424//424
f 393//393 394//394 426//426 425//425
f 394//394 395//395 427//427 426//426
f 395//395 396//396 428//428 427//427
f 396//396 397//397 429//429 428//428
f 397//397 398//398 430//430 429//429
f 398//398 399//399 431//431 430//430
f 399//399 400//400 432//432 431//431
f 400//400 401//401 433//433 432//432
f 401//401 402//402 434//434 433//433
f 402//402 403//403 435//435 434//434
f 403//403 404//404 436//436 435//435
f 404//404 405//405 437//437 436//436
f 405//405 406//406 438//438 437//437
f 406//406 407//407 439//439 438//438
f 407//407 408//408 440//440 439//439
f 408//408 409//409 441//441 440//440
f 409//409 410//410 442//442 441//441
f 410//410 411//411 443//443 442//442
f 411//411 412//412 444//444 443//443
f 412//412 413//413 445//445 444//444
f 413//413 414//414 446//446 445//445
f 414//414 415//415 447//447 446//446
f 415//415 416//416 448//448 447//447
f 416//416 385//385 417//417 448//448
f 417//417 418//418 450//450 449//449
f 418//418 419//419 451//451 450//450
f 419//419 420//420 452//452 451//451
f 420//420 421//421 453//453 452//452
f 421//421 422//422 454//454 453//453
f 422//422 423//423 455//455 454//454
f 423//423 424//424 456//456 455//455
f 424//424 425//425 457//457 456//456
f 425//425 426//426 458//458 457//457
f 426//426 427//427 459//459 458//458
f 427//427 428//428 460//460 459//459
f 428//428 429//429 461//461 460//460
f 429//429 430//430 462//462 461//461
f 430//430 431//431 463//463 462//462
f 431//431 432//432 464//464 463//463
f 432//432 433//433 465//465 464//464
f 433//433 434//434 466//466 465//465
f 434//434 435//435 467//467 466//466
f 435//435 436//436 468//468 467//467
f 436//436 437//437 469//469 468//468
f 437//437 438//438 470//470 469//469
f 438//438 439//439 471//471 470//470
f 439//439 440//440 472//472 471//471
f 440//440 441//441 473//473 472//472
f 441//441 442//442 474//474 473//473
f 442//442 443//443 475//475 474//474
f 443//443 444//444 476//476 475//475
f 444//444 445//445 477//477 476//476
f 445//445 446//446 478//478 477//477
f 446//446 447//447 479//479 478//478
f 447//447 448//448 480//480 479//479
f 448//448 417//417 449//449 480//480
f 449//449 450//450 482//482 481//481
f 450//450 451//451 483//483 482//482
f 451//451 452//452 484//484 483//483
f 452//452 453//453 485//485 484//484
f 453//453 454//454 486//486 485//485
f 454//454 455//455 487//487 486//486
f 455//455 456//456 488//488 487//487
f 456//456 457//457 489//489 488//488
f 457//457 458//458 490//490 489//489
f 458//458 459//459 491//491 490//490
f 459//459 460//460 492//492 491//491
f 460//460 461//461 493//493 492//492
f 461//461 462//462 494//494 493//493
f 462//462 463//463 495//495 494//494
f 463//463 464//464 496//496 495//495
f 464//464 465//465 497//497 496//496
f 465//465 466//466 498//498 497//497
f 466//466 467//467 499//499 498//498
f 467//467 468//468 500//500 499//499
f 468//468 469//469 501//501 500//500
f 469//469 470//470 502//502 501//501
f 470//470 471//471 503//503 502//502
f 471//471 472//472 504//504 503//503
f 472//472 473//473 505//505 504//504
f 473//473 474//474 506//506 505//505
f 474//474 475//475 507//507 506//506
f 475//475 476//476 508//508 507//507
f 476//476 477//477 509//509 508//508
f 477//477 478//478 510//510 509//509
f 478//478 479//479 511//511 510//510
f 479//479 480//480 512//512 511//511
f 480//480 449//449 481//481 512//512
f 481//481 482//482 514//514 513//513
f 482//482 483//483 515//515 514//514
f 483//483 484//484 516//516 515//515
f 484//484 485//485 517//517 516//516
f 485//485 486//486 518//518 517//517
f 486//486 487//487 519//519 518//518
f 487//487 488//488 520//520 519//519
f 488//488 489//489 521//521 520//520
f 489//489 490//490 522//522 521//521
f 490//490 491//491 523//523 522//522
f 491//491 492//492 524//524 523//523
f 492//492 493//493 525//525 524//524
f 493//493 494//494 526//526 525//525
f 494//494 495//495 527//527 526//526
f 495//495 496//496 528//528 527//527
f 496//496 497//497 529//529 528//528
f 497//497 498//498 530//530 529//529
f 498//498 499//499 531//531 530//530
f 499//499 500//500 532//532 531//531
f 500//500 501//501 533//533 532//532
f 501//501 502//502 534//534 533//533
f 502//502 503//503 535//535 534//534
f 503//503 504//504 536//536 535//535
f 504//504 505//505 537//537 536//536
f 505//505 506//506 538//538 537//537
f 506//506 507//507 539//539 538//538
f 507//507 508//508 540//540 539//539
f 508//508 509//509 541//541 540//540
f 509//509 510//510 542//542 541//541
f 510//510 511//511 543//543 542//542
f 511//511 512//512 544//544 543//543
f 512//512 481//481 513//513 544//544
f 513//513 514//514 546//546 545//545
f 514//514 515//515 547//547 546//546
f 515//515 516//516 548//548 547//547
f 516//516 517//517 549//549 548//548
f 517//517 518//518 550//550 549//549
f 518//518 519//519 551//551 550//550
f 519//519 520//520 552//552 551//551
f 520//520 521//521 553//553 552//552
f 521//521 522//522 554//554 553//553
f 522//522 523//523 555//555 554//554
f 523//523 524//524 556//556 555//555
f 524//524 525//525 557//557 556//556
f 525//525 526//526 558//558 557//557
f 526//526 527//527 559//559 558//558
f 527//527 528//528 560//560 559//559
f 528//528 529//529 561//561 560//560
f 529//529 530//530 562//562 561//561
f 530//530 531//531 563//563 562//562
f 531//531 532//532 564//564 563//563
f 532//532 533//533 565//565 564//564
f 533//533 534//534 566//566 565//565
f 534//534 535//535 567//567 566//566
f 535//535 536//536 568//568 567//567
f 536//536 537//537 569//569 568//568
f 537//537 538//538 570//570 569//569
f 538//538 539//539 571//571 570//570
f 539//539 540//540 572//572 571//571
f 540//540 541//541 573//573 572//572
f 541//541 542//542 574//574 573//573
f 542//542 543//543 575//575 574//574
f 543//543 544//544 576//576 575//575
f 544//544 513//513 545//545 576//576
f 545//545 546//546 578//578 577//577
f 546//546 547//547 579//579 578//578
f 547//547 548//548 580//580 579//579
f 548//548 549//549 581//581 580//580
f 549//549 550//550 582//582 581//581
f 550//550 551//551 583//583 582//582
f 551//551 552//552 584//584 583//583
f 552//552 553//553 585//585 584//584
f 553//553 554//554 586//586 585//585
f 554//554 555//555 587//587 586//586
f 555//555 556//556 588//588 587//587
f 556//556 557//557 589//589 588//588
f 557//557 558//558 590//590 589//589
f 558//558 559//559 591//591 590//590
f 559//559 560//560 592//592 591//591
f 560//560 561//561 593//593 592//592
f 561//561 562//562 594//594 593//593
f 562//562 563//563 595//595 594//594
f 563//563 564//564 596//596 595//595
f 564//564 565//565 597//597 596//596
f 565//565 566//566 598//598 597//597
f 566//566 567//567 599//599 598//598
f 567//567 568//568 600//600 599//599
f 568//568 569//569 601//601 600//600
f 569//569 570//570 602//602 601//601
f 570//570 571//571 603//603 602//602
f 571//571 572//572 604//604 603//603
f 572//572 573//573 605//605 604//604
f 573//573 574//574 606//606 605//605
f 574//574 575//575 607//607 606//606
f 575//575 576//576 608//608 607//607
f 576//576 545//545 577//577 608//608
f 577//577 578//578 610//610 609//609
f 578//578 579//579 611//611 610//610
f 579//579 580//580 612//612 611//611
f 580//580 581//581 613//613 612//612
f 581//581 582//582 614//614 613//613
f 582//582 583//583 615//615 614//614
f 583//583 584//584 616//616 615//615
f 584//584 585//585 617//617 616//616
f 585//585 586//586 618//618 617//617
f 586//586 587//587 619//619 618//618
f 587//587 588//588 620//620 619//619
f 588//588 589//589 621//621 620//620
f 589//589 590//590 622//622 621//621
f 590//590 591//591 623//623 622//622
f 591//591 592//592 624//624 623//623
f 592//592 593//593 625//625 624//624
f 593//593 594//594 626//626 625//625
f 594//594 595//595 627//627 626//626
f 595//595 596//596 628//628 627//627
f 596//596 597//597 629//629 628//628
f 597//597 598//598 630//630 629//629
f 598//598 599//599 631//631 630//630
f 599//599 600//600 632//632 631//631
f 600//600 601//601 633//633 632//632
f 601//601 602//602 634//634 633//633
f 602//602 603//603 635//635 634//634
f 603//603 604//604 636//636 635//635
f 604//604 605//605 637//637 636//636
f 605//605 606//606 638//638 637//637
f 606//606 607//607 639//639 638//638
f 607//607 608//608 640//640 639//639
f 608//608 577//577 609//609 640//640
f 609//609 610//610 642//642 641//641
f 610//610 611//611 643//643 642//642
f 611//611 612//612 644//644 643//643
f 612//612 613//613 645//645 644//644
f 613//613 614//614 646//646 645//645
f 614//614 615//615 647//647 646//646
f 615//615 616//616 648//648 647//647
f 616//616 617//617 649//649 648//648
f 617//617 618//618 650//650 649//649
f 618//618 619//619 651//651 650//650
f 619//619 620//620 652//652 651//651
f 620//620 621//621 653//653 652//652
f 621//621 622//622 654//654 653//653
f 622//622 623//623 655//655 654//654
f 623//623 624//624 656//656 655//655
f 624//624 625//625 657//657 656//656
f 625//625 626//626 658//658 657//657
f 626//626 627//627 659//659 658//658
f 627//627 628//628 660//660 659//659
f 628//628 629//629 661//661 660//660
f 629//629 630//630 662//662 661//661
f 630//630 631//631 663//663 662//662
f 631//631 632//632 664//664 663//663
f 632//632 633//633 665//665 664//664
f 633//633 634//634 666//666 665//665
f 634//634 635//635 667//667 666//666
f 635//635 636//636 668//668 667//667
f 636//636 637//637 669//669 668//668
f 637//637 638//638 670//670 669//669
f 638//638 639//639 671//671 670//670
f 639//639 640//640 672//672 671//671
f 640//640 609//609 641//641 672//672
f 641//641 642//642 674//674 673//673
f 642//642 643//643 675//675 674//674
f 643//643 644//644 676//676 675//675
f 644//644 645//645 677//677 676//676
f 645//645 646//646 678//678 677//677
f 646//646 647//647 679//679 678//678
f 647//647 648//648 680//680 679//679
f 648//648 649//649 681//681 680//680
f 649//649 650//650 682//682 681//681
f 650//650 651//651 683//683 682//682
f 651//651 652//652 684//684 683//683
f 652//652 653//653 685//685 684//684
f 653//653 654//654 686//686 685//685
f 654//654 655//655 687//687 686//686
f 655//655 656//656 688//688 687//687
f 656//656 657//657 689//689 688//688
f 657//657 658//658 690//690 689//689
f 658//658 659//659 691//691 690//690
f 659//659 660//660 692//692 691//691
f 660//660 661//661 693//693 692//692
f 661//661 662//662 694//694 693//693
f 662//662 663//663 695//695 694//694
f 663//663 664//664 696//696 695//695
f 664//664 665//665 697//697 696//696
f 665//665 666//666 698//698 697//697
f 666//666 667//667 699//699 698//698
f 667//667 668//668 700//700 699//699
f 668//668 669//669 701//701 700//700
f 669//669 670//670 702//702 701//701
f 670//670 671//671 703//703 702//702
f 671//671 672//672 704//704 703//703
f 672//672 641//641 673//673 704//704
f 673//673 674//674 706//706 705//705
f 674//674 675//675 707//707 706//706
f 675//675 676//676 708//708 707//707
f 676//676 677//677 709//709 708//708
f 677//677 678//678 710//710 709//709
f 678//678 679//679 711//711 710//710
f 679//679 680//680 712//712 711//711
f 680//680 681//681 713//713 712//712
f 681//681 682//682 714//714 713//713
f 682//682 683//683 715//715 714//714
f 683//683 684//684 716//716 715//715
f 684//684 685//685 717//717 716//716
f 685//685 686//686 718//718 717//717
f 686//686 687//687 719//719 718//718
f 687//687 688//688 720//720 719//719
f 688//688 689//689 721//721 720//720
f 689//689 690//690 722//722 721//721
f 690//690 691//691 723//723 722//722
f 691//691 692//692 724//724 723//723
f 692//692 693//693 725//725 724//724
f 693//693 694//694 726//726 725//725
f 694//694 695//695 727//727 726//726
f 695//695 696//696 728//728 727//727
f 696//696 697//697 729//729 728//728
f 697//697 698//698 730//730 729//729
f 698//698 699//699 731//731 730//730
f 699//699 700//700 732//732 731//731
f 700//700 701//701 733//733 732//732
f 701//701 702//702 734//734 733//733
f 702//702 703//703 735//735 734//734
f 703//703 704//704 736//736 735//735
f 704//704 673//673 705//705 736//736
f 705//705 706//706 738//738 737//737
f 706//706 707//707 739//739 738//738
f 707//707 708//708 740//740 739//739
f 708//708 709//709 741//741 740//740
f 709//709 710//710 742//742 741//741
f 710//710 711//711 743//743 742//742
f 711//711 712//712 744//744 743//743
f 712//712 713//713 745//745 744//744
f 713//713 714//714 746//746 745//745
f 714//714 715//715 747//747 746//746
f 715//715 716//716 748//748 747//747
f 716//716 717//717 749//749 748//748
f 717//717 718//718 750//750 749//749
f 718//718 719//719 751//751 750//750
f 719//719 720//720 752//752 751//751
f 720//720 721//721 753//753 752//752
f 721//721 722//722 754//754 753//753
f 722//722 723//723 755//755 754//754
f 723//723 724//724 756//756 755//755
f 724//724 725//725 757//757 756//756
f 725//725 726//726 758//758 757//757
f 726//726 727//727 759//759 758//758
f 727//727 728//728 760//760 759//759
f 728//728 729//729 761//761 760//760
f 729//729 730//730 762//762 761//761
f 730//730 731//731 763//763 762//762
f 731//731 732//732 764//764 763//763
f 732//732 733//733 765//765 764//764
f 733//733 734//734 766//766 765//765
f 734//734 735//735 767//767 766//766
f 735//735 736//736 768//768 767//767
f 736//736 705//705 737//737 768//768
f 737//737 738//738 770//770 769//769
f 738//738 739//739 771//771 770//770
f 739//739 740//740 772//772 771//771
f 740//740 741//741 773//773 772//772
f 741//741 742//742 774//774 773//773
f 742//742 743//743 775//775 774//774
f 743//743 744//744 776//776 775//775
f 744//744 745//745 777//777 776//776
f 745//745 746//746 778//778 777//777
f 746//746 747//747 779//779 778//778
f 747//747 748//748 780//780 779//779
f 748//748 749//749 781//781 780//780
f 749//749 750//750 782//782 781//781
f 750//750 751//751 783//783 782//782
f 751//751 752//752 784//784 783//783
f 752//752 753//753 785//785 784//784
f 753//753 754//754 786//786 785//785
f 754//754 755//755 787//787 786//786
f 755//755 756//756 788//788 787//787
f 756//756 757//757 789//789 788//788
f 757//757 758//758 790//790 789//789
f 758//758 759//759 791//791 790//790
f 759//759 760//760 792//792 791//791
f 760//760 761//761 793//793 792//792
f 761//761 762//762 794//794 793//793
f 762//762 763//763 795//795 794//794
f 763//763 764//764 796//796 795//795
f 764//764 765//765 797//797 796//796
f 765//765 766//766 798//798 797//797
f 766//766 767//767 799//799 798//798
f 767//767 768//768 800//800 799//799
f 768//768 737//737 769//769 800//800
f 769//769 770//770 802//802 801//801
f 770//770 771//771 803//803 802//802
f 771//771 772//772 804//804 803//803
f 772//772 773//773 805//805 804//804
f 773//773 774//774 806//806 805//805
f 774//774 775//775 807//807 806//806
f 775//775 776//776 808//808 807//807
f 776//776 777//777 809//809 808//808
f 777//777 778//778 810//810 809//809
f 778//778 779//779 811//811 810//810
f 779//779 780//780 812//812 811//811
f 780//780 781//781 813//813 812//812
f 781//781 782//782 814//814 813//813
f 782//782 783//783 815//815 814//814
f 783//783 784//784 816//816 815//815
f 784//784 785//785 817//817 816//816
f 785//785 786//786 818//818 817//817
f 786//786 787//787 819//819 818//818
f 787//787 788//788 820//820 819//819
f 788//788 789//789 821//821 820//820
f 789//789 790//790 822//822 821//821
f 790//790 791//791 823//823 822//822
f 791//791 792//792 824//824 823//823
f 792//792 793//793 825//825 824//824
f 793//793 794//794 826//826 825//825
f 794//794 795//795 827//827 826//826
f 795//795 796//796 828//828 827//827
f 796//796 797//797 829//829 828//828
f 797//797 798//798 830//830 829//829
f 798//798 799//799 831//831 830//830
f 799//799 800//800 832//832 831//831
f 800//800 769//769 801//801 832//832
f 801//801 802//802 834//834 833//833
f 802//802 803//803 835//835 834//834
f 803//803 804//804 836//836 835//835
f 804//804 805//805 837//837 836//836
f 805//805 806//806 838//838 837//837
f 806//806 807//807 839//839 838//838
f 807//807 808//808 840//840 839//839
f 808//808 809//809 841//841 840//840
f 809//809 810//810 842//842 841//841
f 810//810 811//811 843//843 842//842
f 811//811 812//812 844//844 843//843
f 812//812 813//813 845//845 844//844
f 813//813 814//814 846//846 845//845
f 814//814 815//815 847//847 846//846
f 815//815 816//816 848//848 847//847
f 816//816 817//817 849//849 848//848
f 817//817 818//818 850//850 849//849
f 818//818 819//819 851//851 850//850
f 819//819 820//820 852//852 851//851
f 820//820 821//821 853//853 852//852
f 821//821 822//822 854//854 853//853
f 822//822 823//823 855//855 854//854
f 823//823 824//824 856//856 855//855
f 824//824 825//825 857//857 856//856
f 825//825 826//826 858//858 857//857
f 826//826 827//827 859//859 858//858
f 827//827 828//828 860//860 859//859
f 828//828 829//829 861//861 860//860
f 829//829 830//830 862//862 861//861
f 830//830 831//831 863//863 862//862
f 831//831 832//832 864//864 863//863
f 832//832 801//801 833//833 864//864
f 833//833 834//834 866//866 865//865
f 834//834 835//835 867//867 866//866
f 835//835 836//836 868//868 867//867
f 836//836 837//837 869//869 868//868
f 837//837 838//838 870//870 869//869
f 838//838 839//839 871//871 870//870
f 839//839 840//840 872//872 871//871
f 840//840 841//841 873//873 872//872
f 841//841 842//842 874//874 873//873
f 842//842 843//843 875//875 874//874
f 843//843 844//844 876//876 875//875
f 844//844 845//845 877//877 876//876
f 845//845 846//846 878//878 877//877
f 846//846 847//847 879//879 878//878
f 847//847 848//848 880//880 879//879
f 848//848 849//849 881//881 880//880
f 849//849 850//850 882//882 881//881
f 850//850 851//851 883//883 882//882
f 851//851 852//852 884//884 883//883
f 852//852 853//853 885//885 884//884
f 853//853 854//854 886//886 885//885
f 854//854 855//855 887//887 886//886
f 855//855 856//856 888//888 887//887
f 856//856 857//857 889//889 888//888
f 857//857 858//858 890//890 889//889
f 858//858 859//859 891//891 890//890
f 859//859 860//860 892//892 891//891
f 860//860 861//861 893//893 892//892
f 861//861 862//862 894//894 893//893
f 862//862 863//863 895//895 894//894
f 863//863 864//864 896//896 895//895
f 864//864 833//833 865//865 896//896
f 865//865 866//866 898//898 897//897
f 866//866 867//867 899//899 898//898
f 867//867 868//868 900//900 899//899
f 868//868 869//869 901//901 900//900
f 869//869 870//870 902//902 901//901
f 870//870 871//871 903//903 902//902
f 871//871 872//872 904//904 903//903
f 872//872 873//873 905//905 904//904
f 873//873 874//874 906//906 905//905
f 874//874 875//875 907//907 906//906
f 875//875 876//876 908//908 907//907
f 876//876 877//877 909//909 908//908
f 877//877 878//878 910//910 909//909
f 878//878 879//879 911//911 910//910
f 879//879 880//880 912//912 911//911
f 880//880 881//881 913//913 912//912
f 881//881 882//882 914//914 913//913
f 882//882 883//883 915//915 914//914
f 883//883 884//884 916//916 915//915
f 884//884 885//885 917//917 916//916
f 885//885 886//886 918//918 917//917
f 886//886 887//887 919//919 918//918
f 887//887 888//888 920//920 919//919
f 888//888 889//889 921//921 920//920
f 889//889 890//890 922//922 921//921
f 890//890 891//891 923//923 922//922
f 891//891 892//892 924//924 923//923
f 892//892 893//893 925//925 924//924
f 893//893 894//894 926//926 925//925
f 894//894 895//895 927//927 926//926
f 895//895 896//896 928//928 927//927
f 896//896 865//865 897//897 928//928
f 897//897 898//898 930//930 929//929
f 898//898 899//899 931//931 930//930
f 899//899 900//900 932//932 931//931
f 900//900 901//901 933//933 932//932
f 901//901 902//902 934//934 933//933
f 902//902 903//903 935//935 934//934
f 903//903 904//904 936//936 935//935
f 904//904 905//905 937//937 936//936
f 905//905 906//906 938//938 937//937
f 906//906 907//907 939//939 938//938
f 907//907 908//908 940//940 939//939
f 908//908 909//909 941//941 940//940
f 909//909 910//910 942//942 941//941
f 910//910 911//911 943//943 942//942
f 911//911 912//912 944//944 943//943
f 912//912 913//913 945//945 944//944
f 913//913 914//914 946//946 945//945
f 914//914 915//915 947//947 946//946
f 915//915 916//916 948//948 947//947
f 916//916 917//917 949//949 948//948
f 917//917 918//918 950//950 949//949
f 918//918 919//919 951//951 950//950
f 919//919 920//920 952//952 951//951
f 920//920 921//921 953//953 952//952
f 921//921 922//922 954//954 953//953
f 922//922 923//923 955//955 954//954
f 923//923 924//924 956//956 955//955
f 924//924 925//925 957//957 956//956
f 925//925 926//926 958//958 957//957
f 926//926 927//927 959//959 958//958
f 927//927 928//928 960//960 959//959
f 928//928 897//897 929//929 960//960
f 929//929 930//930 962//962 961//961
f 930//930 931//931 963//963 962//962
f 931//931 932//932 964//964 963//963
f 932//932 933//933 965//965 964//964
f 933//933 934//934 966//966 965//965
f 934//934 935//935 967//967 966//966
f 935//935 936//936 968//968 967//967
f 936//936 937//937 969//969 968//968
f 937//937 938//938 970//970 969//969
f 938//938 939//939 971//971 970//970
f 939//939 940//940 972//972 971//971
f 940//940 941//941 973//973 972//972
f 941//941 942//942 974//974 973//973
f 942//942 943//943 975//975 974//974
f 943//943 944//944 976//976 975//975
f 944//944 945//945 977//977 976//976
f 945//945 946//946 978//978 977//977
f 946//946 947//947 979//979 978//978
f 947//947 948//948 980//980 979//979
f 948//948 949//949 981//981 980//980
f 949//949 950//950 982//982 981//981
f 950//950 951//951 983//983 982//982
f 951//951 952//952 984//984 983//983
f 952//952 953//953 985//985 984//984
f 953//953 954//954 986//986 985//985
f 954//954 955//955 987//987 986//986
f 955//955 956//956 988//988 987//987
f 956//956 957//957 989//989 988//988
f 957//957 958//958 990//990 989//989
f 958//958 959//959 991//991 990//990
f 959//959 960//960 992//992 991//991
f 960//960 929//929 961//961 992//992
f 961//961 962//962 994//994 993//993
f 962//962 963//963 995//995 994//994
f 963//963 964//964 996//996 995//995
f 964//964 965//965 997//997 996//996
f 965//965 966//966 998//998 997//997
f 966//966 967//967 999//999 998//998
f 967//967 968//968 1000//1000 999//999
f 968//968 969//969 1001//1001 1000//1000
f 969//969 970//970 1002//1002 1001//1001
f 970//970 971//971 1003//1003 1002//1002
f 971//971 972//972 1004//1004 1003//1003
f 972//972 973//973 1005//1005 1004//1004
f 973//973 974//974 1006//1006 1005//1005
f 974//974 975//975 1007//1007 1006//1006
f 975//975 976//976 1008//1008 1007//1007
f 976//976 977//977 1009//1009 1008//1008
f 977//977 978//978 1010//1010 1009//1009
f 978//978 979//979 1011//1011 1010//1010
f 979//979 980//980 1012//1012 1011//1011
f 980//980 981//981 1013//1013 1012//1012
f 981//981 982//982 1014//1014 1013//1013
f 982//982 983//983 1015//1015 1014//1014
f 983//983 984//984 1016//1016 1015//1015
f 984//984 985//985 1017//1017 1016//1016
f 985//985 986//986 1018//1018 1017//1017
f 986//986 987//987 1019//1019 1018//1018
f 987//987 988//988 1020//1020 1019//1019
f 988//988 989//989 1021//1021 1020//1020
f 989//989 990//990 1022//1022 1021//1021
f 990//990 991//991 1023//1023 1022//1022
f 991//991 992//992 1024//1024 1023//1023
f 992//992 961//961 993//993 1024//1024
f 993//993 994//994 1026//1026 1025//1025
f 994//994 995//995 1027//1027 1026//1026
f 995//995 996//996 1028//1028 1027//1027
f 996//996 997//997 1029//1029 1028//1028
f 997//997 998//998 1030//1030 1029//1029
f 998//998 999//999 1031//1031 1030//1030
f 999//999 1000//1000 1032//1032 1031//1031
f 1000//1000 1001//1001 1033//1033 1032//1032
f 1001//1001 1002//1002 1034//1034 1033//1033
f 1002//1002 1003//1003 1035//1035 1034//1034
f 1003//1003 1004//1004 1036//1036 1035//1035
f 1004//1004 1005//1005 1037//1037 1036//1036
f 1005//1005 1006//1006 1038//1038 1037//1037
f 1006//1006 1007//1007 1039//1039 1038//1038
f 1007//1007 1008//1008 1040//1040 1039//1039
f 1008//1008 1009//1009 1041//1041 1040//1040
f 1009//1009 1010//1010 1042//1042 1041//1041
f 1010//1010 1011//1011 1043//1043 1042//1042
f 1011//1011 1012//1012 1044//1044 1043//1043
f 1012//1012 1013//1013 1045//1045 1044//1044
f 1013//1013 1014//1014 1046//1046 1045//1045
f 1014//1014 1015//1015 1047//1047 1046//1046
f 1015//1015 1016//1016 1048//1048 1047//1047
f 1016//1016 1017//1017 1049//1049 1048//1048
f 1017//1017 1018//1018 1050//1050 1049//1049
f 1018//1018 1019//1019 1051//1051 1050//1050
f 1019//1019 1020//1020 1052//1052 1051//1051
f 1020//1020 1021//1021 1053//1053 1052//1052
f 1021//1021 1022//1022 1054//1054 1053//1053
f 1022//1022 1023//1023 1055//1055 1054//1054
f 1023//1023 1024//1024 1056//1056 1055//1055
f 1024//1024 993//993 1025//1025 1056//1056
